headline,web_url,pub_date,byline,section,full_text
Why Trump’s Plan to Relocate Gazans Is Untenable for Jordan,https://www.nytimes.com/2025/02/14/world/middleeast/trump-gaza-takeover-jordan.html,2025-02-14T14:17:50+0000,By Ephrat Livni,World,
"Pro-Palestinian Group Is Relentless in Its Criticism of Israel, and It Isn’t Backing Down",https://www.nytimes.com/2024/10/05/us/within-our-lifetime-pro-palestinian-activism.html,2024-10-05T09:00:40+0000,By Sharon Otterman,U.S.,
Protest That the University of Maryland Sought to Prevent Goes On,https://www.nytimes.com/2024/10/07/us/umd-pro-palestinian-protest-oct-7.html,2024-10-08T01:10:29+0000,By Vimal Patel and JoAnna Daemmrich,U.S.,
Promoting Peace as War Rages: Israeli and Palestinian Activists Meet,https://www.nytimes.com/video/world/100000009244709/israel-palestine-peace-activists.html,2024-02-10T09:55:01+0000,"By Guy Barak, David Blumenfeld, Adam Sella, Alexandra Eaton and Emily Rhyne",World,
Israel’s Occupation of Palestinian Territories Draws Focus of U.N. Court,https://www.nytimes.com/2024/02/19/world/middleeast/israel-palestinians-icj-hearing.html,2024-02-19T10:37:36+0000,By Marlise Simons,World,
"An Unexpected Player in Israel’s Defense: Jordan, Home to Many Palestinians",https://www.nytimes.com/2024/04/14/world/middleeast/jordan-israel-iran-drones.html,2024-04-14T14:28:03+0000,By Liam Stack,World,
Dave Chappelle Laments ‘Nightmare’ Facing Israelis and Palestinians,https://www.nytimes.com/2023/10/26/arts/dave-chappelle-israel-hamas.html,2023-10-26T13:10:57+0000,By Jonathan Abrams,Arts,
U.N. Body Demands Israel End Its ‘Unlawful Presence in the Occupied Palestinian Territory’,https://www.nytimes.com/2024/09/18/world/middleeast/un-israel-occupation-palestinian.html,2024-09-18T23:05:39+0000,By Anushka Patil,World,
"Israeli Minister Will Release Palestinian Funds if Settlements Are Legalized, Officials Say",https://www.nytimes.com/2024/06/29/world/middleeast/israel-funds-palestinian-authority-smotrich.html,2024-06-28T09:48:42+0000,By Aaron Boxerman and Adam Rasgon,World,
Three European Countries Formally Recognize Palestinian Statehood,https://www.nytimes.com/2024/05/28/world/middleeast/spain-norway-ireland-palestinian-statehood.html,2024-05-28T09:44:55+0000,By Cassandra Vinograd,World,
How Biden’s Support for Israel Could Complicate His Re-Election,https://www.nytimes.com/2023/10/25/opinion/palestine-biden-activists-israel.html,2023-10-25T23:00:16+0000,By Charles M. Blow,Opinion,
Murals in Tehran Offer Tributes and Threats Against Israel,https://www.nytimes.com/2024/10/25/world/middleeast/iran-israel-war-tehran-murals.html,2024-10-25T22:00:08+0000,By Farnaz Fassihi and Arash Khamooshi,World,
The U.S. Must Embrace Palestinian Statehood Now,https://www.nytimes.com/2023/12/15/opinion/us-palestine-statehood-recognition.html,2023-12-15T10:02:58+0000,By R. David Harden and Larry Garber,Opinion,
The War Is Shifting Europe’s Politics Away From Israel,https://www.nytimes.com/2024/05/22/world/middleeast/europe-israel-palestinian-state.html,2024-05-22T18:20:32+0000,By Matina Stevis-Gridneff,World,
"Fraternity Brothers Balk at a $515,000 Party for Defending the Flag",https://www.nytimes.com/2024/09/02/us/unc-israel-gaza-protests-party-alpha-epsilon-pi.html,2024-09-02T07:00:56+0000,By Eduardo Medina,U.S.,
The Left Is Dooming Any Hope for a Palestinian State,https://www.nytimes.com/2023/11/28/opinion/palestine-state-israel-war.html,2023-11-28T20:31:48+0000,By Bret Stephens,Opinion,
Saudi Arabia Pledges to Send Funding for Palestinians,https://www.nytimes.com/2024/09/30/world/middleeast/saudi-arabia-palestine-financial-aid.html,2024-09-30T14:46:26+0000,By Adam Rasgon and Aaron Boxerman,World,
"Accused of Genocide, Israelis See Reversal of Reality. Palestinians See Justice.",https://www.nytimes.com/2024/01/12/world/middleeast/israel-palestinians-icj-genocide.html,2024-01-12T09:52:07+0000,By Patrick Kingsley,World,
How the Israeli-Palestinian Conflict Drove a Wedge Into the Democratic Party,https://www.nytimes.com/2024/02/07/magazine/israel-october-7-democrats.html,2024-02-07T10:02:24+0000,By Ross Barkan,Magazine,
Brown Rejects Protesters’ Push to Divest Over Israel Ties,https://www.nytimes.com/2024/10/09/us/brown-university-divestment-israel-hamas-war.html,2024-10-09T20:05:09+0000,By Dana Goldstein,U.S.,
Turkey Halts Trade With Israel Amid Deteriorating Relations,https://www.nytimes.com/2024/05/03/world/middleeast/turkey-israel-trade-ties.html,2024-05-02T20:53:38+0000,By Gulsin Harman and Ben Hubbard,World,
"U.S. and Allies Penalize Iran for Striking Israel, and Try to Avert War",https://www.nytimes.com/2024/04/18/world/middleeast/israel-iran-sanctions.html,2024-04-18T23:57:41+0000,By Michael D. Shear and Michael Levenson,World,
Tracing the Deep Roots of Ireland’s Support for Palestinians,https://www.nytimes.com/2023/12/02/world/europe/ireland-palestinians-support.html,2023-12-02T10:02:05+0000,By Megan Specia,World,
How Iran and Israel Are Unnatural Adversaries,https://www.nytimes.com/2024/05/08/opinion/iran-israel-middle-east.html,2024-05-08T05:00:07+0000,By Karim Sadjadpour,Opinion,
White House Condemns Protest at Israeli Restaurant in Philadelphia,https://www.nytimes.com/2023/12/04/us/white-house-philadelphia-protesters.html,2023-12-04T22:59:18+0000,By Johnny Diaz,U.S.,
2 Books Go Behind Bars With Palestinians,https://www.nytimes.com/2024/05/01/books/review/my-brother-my-land-sami-hermez-the-tale-of-a-wall-nasser-abu-srour.html,2024-05-01T09:00:25+0000,By Robyn Creswell,Books,
The Deadly Red Tape of Israel’s Occupation in Palestine,https://www.nytimes.com/2023/10/01/books/review/a-day-in-the-life-of-abed-salama-nathan-thrall.html,2023-10-01T09:00:32+0000,By Rozina Ali,Books,
U.S. Continues Push for Saudi-Israel Ties Even as War With Hamas Begins,https://www.nytimes.com/2023/10/08/us/politics/saudi-arabia-israel-palestinians-hamas.html,2023-10-09T00:01:24+0000,"By Edward Wong, Mark Mazzetti and Vivian Nereim",U.S.,
White House Defends Voting ‘No’ on U.N. Resolution Supporting Palestinian Statehood,https://www.nytimes.com/2024/05/10/world/middleeast/united-nations-us-palestinian-membership.html,2024-05-10T21:26:01+0000,By Erica L. Green,World,
"Recognizing a Palestinian State, Ireland Nods to its Own History",https://www.nytimes.com/2024/05/22/world/middleeast/ireland-palestinian-state-history.html,2024-05-22T10:29:55+0000,By Megan Specia,World,
An Arab Mandate for Palestine,https://www.nytimes.com/2024/03/19/opinion/gaza-war-palestine-arab-mandate.html,2024-03-19T23:00:06+0000,By Bret Stephens,Opinion,
"U.N. Court Orders Israel to Prevent Genocide, but Does Not Demand Stop to War",https://www.nytimes.com/2024/01/26/world/middleeast/icj-israel-gaza-genocide.html,2024-01-27T00:00:13+0000,"By Patrick Kingsley, Raja Abdulrahim, Aaron Boxerman and Michael Levenson",World,
Images of Watermelons Signal Support for Palestinians,https://www.nytimes.com/2023/12/27/style/watermelon-emoji-palestine.html,2023-12-27T17:54:53+0000,By Callie Holtermann,Style,
Protests Erupt Across the Middle East Over Israel’s Siege of Gaza,https://www.nytimes.com/2023/10/13/world/middleeast/gaza-israel-protests-mideast.html,2023-10-13T16:15:44+0000,"By Vivian Nereim, Euan Ward and Nazeeha Saeed",World,
"When It Comes to Israel, Who Decides What You Can and Can’t Say?",https://www.nytimes.com/2023/11/04/opinion/sunday/israel-palestine-speech-debate.html,2023-11-04T11:00:53+0000,By Michelle Goldberg,Opinion,
Rashida Tlaib Draws Attack Ads From Pro-Israel Democratic Group,https://www.nytimes.com/2023/11/02/us/politics/rashida-tlaib-israel-ads.html,2023-11-02T08:00:08+0000,By Reid J. Epstein,U.S.,
Why Norway’s Recognition of a Palestinian State Carries Significance,https://www.nytimes.com/2024/05/22/world/middleeast/norway-israel-palestinian-recognition.html,2024-05-22T08:40:25+0000,By Emma Bubola,World,
What Does It Mean to Recognize a Palestinian State?,https://www.nytimes.com/2024/05/22/world/middleeast/palestinian-state.html,2024-05-22T16:07:19+0000,By Matthew Mpoke Bigg,World,
G.O.P. Candidates Call for Campus Crackdowns Against Anti-Israel Speech,https://www.nytimes.com/2023/10/25/us/politics/trump-republicans-colleges-israel-hamas.html,2023-10-25T19:20:19+0000,By Maggie Astor,U.S.,
U.S. Vetoes Palestinian Bid for Recognition as Full U.N. Member State,https://www.nytimes.com/2024/04/18/world/middleeast/palestinian-statehood-un-veto.html,2024-04-18T21:35:13+0000,By Yonette Joseph,World,
Columbia Closes Campus as Israel-Hamas War Protests Erupt,https://www.nytimes.com/2023/10/12/nyregion/columbia-university-israel-hamas-protests.html,2023-10-12T18:15:41+0000,By Liam Stack,New York,
Israeli Military Announces Ground Invasion of Southern Lebanon,https://www.nytimes.com/2024/09/30/world/middleeast/israel-hezbollah-lebanon-ground-invasion.html,2024-09-30T21:24:57+0000,"By Patrick Kingsley, Julian E. Barnes, Ronen Bergman and Natan Odenheimer",World,
The Case for Hope for Palestinians,https://www.nytimes.com/2025/01/03/opinion/palestinians-israel-gaza.html,2025-01-03T06:00:05+0000,By Khaled Elgindy,Opinion,
Oakland Educators Hold Unauthorized Teach-in Supporting Palestinians,https://www.nytimes.com/2023/12/06/us/oakland-california-teachers-palestinians-israel.html,2023-12-06T10:03:32+0000,By Dana Goldstein,U.S.,
Germany’s Stifling of Pro-Palestinian Voices Pits Historical Guilt Against Free Speech,https://www.nytimes.com/2023/11/10/world/europe/germany-pro-palestinian-protests.html,2023-11-10T10:03:02+0000,By Erika Solomon,World,
Inside the Pro-Palestinian Group Protesting Across College Campuses,https://www.nytimes.com/2023/11/17/us/students-justice-palestine-campus-protests.html,2023-11-17T19:25:47+0000,By Alan Blinder,U.S.,
Israel-E.U. Meeting on Gaza’s Future Yields Division and Confusion,https://www.nytimes.com/2024/01/22/world/middleeast/israel-gaza-eu-postwar.html,2024-01-23T01:00:15+0000,"By Matina Stevis-Gridneff, Hiba Yazbek, Adam Rasgon, Monika Pronczuk and Michael Levenson",World,
House Declares Solidarity With Israel in First Legislation Under New Speaker,https://www.nytimes.com/2023/10/25/us/politics/house-israel-vote.html,2023-10-25T22:25:53+0000,By Karoun Demirjian,U.S.,
"The Political Future of Palestinians, According to Palestinians",https://www.nytimes.com/2025/02/08/opinion/palestinians-political-future-gaza.html,2025-02-08T12:00:09+0000,,Opinion,
"After Backlash, Marvel Gives an Israeli Superhero a New Backstory",https://www.nytimes.com/2024/07/16/movies/sabra-israeli-superhero-marvel.html,2024-07-16T21:19:55+0000,By Marc Tracy,Movies,
What a ‘Free Palestine’ Means in Practice,https://www.nytimes.com/2024/05/14/opinion/what-a-free-palestine-means-in-practice.html,2024-05-14T23:00:06+0000,By Bret Stephens,Opinion,
"New Israeli Settlement in West Bank Would Encroach on World Heritage Site, Activists Say",https://www.nytimes.com/2024/08/15/world/middleeast/israel-west-bank-settlement.html,2024-08-15T16:43:04+0000,By Ephrat Livni,World,
"Democrats Splinter Over Israel as the Young, Diverse Left Rages at Biden",https://www.nytimes.com/2023/10/27/us/politics/biden-democrats-israel-2024.html,2023-10-27T09:04:22+0000,By Reid J. Epstein and Anjali Huynh,U.S.,
"Where Israelis, Palestinians and Iranians Must Listen to One Another",https://www.nytimes.com/2023/10/31/arts/music/israeli-palestinian-barenboim-peacemaking.html,2023-10-31T14:00:32+0000,By Javier C. Hernández,Arts,
Ocasio-Cortez Loses the Democratic Socialists’ Endorsement Over Israel,https://www.nytimes.com/2024/07/11/us/politics/aoc-dsa-endorsement.html,2024-07-11T19:22:01+0000,By Nicholas Fandos,U.S.,
"Isolated and Defiant, Israel Vows to ‘Stand Alone’ in War on Hamas",https://www.nytimes.com/2024/05/11/world/middleeast/isolated-israel-war-hamas.html,2024-05-11T09:03:41+0000,By Damien Cave,World,
Israel Is Not an I.C.C. Member. How Can the Court Prosecute Israeli Leaders?,https://www.nytimes.com/2024/11/22/world/middleeast/israel-icc-jurisdiction-explained.html,2024-11-23T02:13:37+0000,By Eve Sampson and Marlise Simons,World,
"Israel vs. Hamas, Hezbollah, Iran — and Itself",https://www.nytimes.com/2024/09/20/opinion/ezra-klein-podcast-david-remnick.html,2024-09-20T09:03:01+0000,By Ezra Klein,Opinion,
Protesters fill the streets in New York to support Palestinians in Gaza.,https://www.nytimes.com/2023/10/28/nyregion/palestine-protest-brooklyn-barclays-center-nyc.html,2023-10-29T01:55:09+0000,"By Erin Nolan, Eliza Fawcett and Nate Schweber",New York,
From Ferguson to Gaza: How African Americans Bonded With Palestinian Activists,https://www.nytimes.com/2024/02/06/us/african-americans-palestinian.html,2024-02-06T10:01:13+0000,By Clyde McGrady,U.S.,
The Massacre in Israel and the Need for a Decent Left,https://www.nytimes.com/2023/10/12/opinion/columnists/israel-gaza-massacre-left.html,2023-10-12T09:02:00+0000,By Michelle Goldberg,Opinion,
"A Watershed Moment for the Politics of Israel, Courtesy of Chuck Schumer",https://www.nytimes.com/2024/03/15/us/politics/israel-schumer.html,2024-03-15T23:13:07+0000,By Jonathan Weisman,U.S.,
The Great Rupture in American Jewish Life,https://www.nytimes.com/2024/03/22/opinion/israel-american-jews-zionism.html,2024-03-22T09:04:25+0000,By Peter Beinart,Opinion,
"Shlomo Avineri, Israeli Scholar Skeptical About Peace, Dies at 90",https://www.nytimes.com/2023/12/10/world/middleeast/shlomo-avineri-dead.html,2023-12-10T21:56:46+0000,By Adam Nossiter,World,
Dutch Court Issues Prison Sentences Over Violence Against Israeli Soccer Fans,https://www.nytimes.com/2024/12/24/world/europe/amsterdam-israel-soccer-fans-attacks.html,2024-12-24T12:17:32+0000,"By Claire Moses, Lynsey Chutel and Rosanne Kropman",World,
A Palestinian Restaurant Perseveres in War’s Shadow,https://www.nytimes.com/2023/10/15/nyregion/palestinian-restaurant-brooklyn-israel.html,2023-10-15T07:01:05+0000,By Winnie Hu,New York,
The Subversive Act of Photographing Palestinian Life,https://www.nytimes.com/2024/01/19/opinion/palestinians-photography-war-israel.html,2024-01-19T10:01:13+0000,By Adam Rouhana,Opinion,
The U.S. Should Think Twice About Israel’s Plans for Gaza,https://www.nytimes.com/2023/10/15/opinion/israel-united-states-gaza.html,2023-10-15T10:00:09+0000,By Rashid Khalidi,Opinion,
What Is Palestinian Islamic Jihad?,https://www.nytimes.com/2024/08/29/world/middleeast/palestinian-islamic-jihad-muhammad-jaber.html,2024-08-29T21:52:45+0000,By Eve Sampson,World,
18 Arrested at Israeli Nationalist Flag March Through East Jerusalem,https://www.nytimes.com/2024/06/05/world/middleeast/israeli-palestinian-jerusalem-flag-march.html,2024-06-05T18:41:09+0000,By Aaron Boxerman,World,
"At Venice Biennale, Israel’s Show Is Halted, but Protests Go On",https://www.nytimes.com/2024/04/17/arts/design/israel-gaza-protest-venice-biennale.html,2024-04-17T14:55:25+0000,By Zachary Small,Arts,
"Who was Marwan Issa, the Hamas commander killed by Israel?",https://www.nytimes.com/2024/03/18/world/middleeast/who-was-marwan-issa.html,2024-03-18T20:08:03+0000,By Adam Rasgon,World,
Primary Battles Brew Over Progressive Democrats’ Stances on Israel,https://www.nytimes.com/2023/10/29/us/politics/democrats-israel-palestine-primaries.html,2023-10-29T09:02:11+0000,By Jonathan Weisman,U.S.,
U.N. General Assembly Adopts Resolution in Support of Palestinian Statehood,https://www.nytimes.com/2024/05/10/world/middleeast/un-resolution-palestinian.html,2024-05-10T15:28:36+0000,By Farnaz Fassihi,World,
Why Harris Remains Unlikely to Break From Biden on Israel and Gaza,https://www.nytimes.com/2024/10/18/us/politics/harris-israel-gaza-war-biden-trump.html,2024-10-18T19:38:10+0000,By Katie Rogers and Erica L. Green,U.S.,
Google’s Open Culture Collides With the Israel-Hamas War,https://www.nytimes.com/2023/11/08/business/israel-palestine-google-employees.html,2023-11-08T13:48:46+0000,By Santul Nerkar and Mike Isaac,Business Day,
Saudi Crown Prince Says No to Israel Ties Without Palestinian State,https://www.nytimes.com/2024/09/19/world/middleeast/saudi-israel-relations.html,2024-09-19T12:43:39+0000,By Ismaeel Naar and Adam Rasgon,World,
"With War in Israel, the Cancel Culture Debate Comes Full Circle",https://www.nytimes.com/2023/10/23/opinion/israel-cancel-culture-debate.html,2023-10-23T23:07:39+0000,By Michelle Goldberg,Opinion,
Slaughter at a Festival of Peace and Love Leaves Israel Transformed,https://www.nytimes.com/2023/10/15/world/middleeast/israel-music-festival-massacre.html,2023-10-15T09:04:24+0000,"By Roger Cohen, Sergey Ponomarev and Avishag Shaar-Yashuv",World,
Holocaust Museums Debate What to Say About the Israel-Hamas War,https://www.nytimes.com/2024/06/03/us/holocaust-museums-israel-hamas-war.html,2024-06-03T15:41:20+0000,By Dana Goldstein and Marc Tracy,U.S.,
How Pro-Palestinian Students Pushed Trinity College Dublin to Divest,https://www.nytimes.com/2024/05/10/world/europe/ireland-trinity-dublin-palestinian-protests-divest.html,2024-05-10T09:42:40+0000,By Isabella Kwai and Ed O'Loughlin,World,
"American Unions Long Backed Israel. Now, Some Are Protesting It.",https://www.nytimes.com/2024/01/07/business/american-unions-long-backed-israel-now-some-are-protesting-it.html,2024-01-07T10:00:38+0000,By Emma Goldberg and Santul Nerkar,Business Day,
"The Two-State Solution Is an Unjust, Impossible Fantasy",https://www.nytimes.com/2024/04/01/opinion/two-state-solution-israel-palestine.html,2024-04-01T09:02:37+0000,By Tareq Baconi,Opinion,
"Tracking Cellphone Data by Neighborhood, Israel Gauges Gaza Evacuation",https://www.nytimes.com/2023/10/16/world/middleeast/gaza-invasion-israel-cellphone-data.html,2023-10-16T21:59:56+0000,By Patrick Kingsley and Ronen Bergman,World,
Yemen’s Houthi militia claims to have launched an attack on Israel.,https://www.nytimes.com/2023/10/31/world/middleeast/yemen-houthi-militia-israel.html,2023-10-31T20:54:31+0000,By Vivian Nereim and Saeed Al-Batati,World,
The Unpunished: How Extremists Took Over Israel,https://www.nytimes.com/2024/05/16/magazine/israel-west-bank-settler-violence-impunity.html,2024-05-16T09:05:22+0000,By Ronen Bergman and Mark Mazzetti,Magazine,
"Palestinian Citizens of Israel Are Wary, Weary and Afraid",https://www.nytimes.com/2023/10/14/world/europe/israeli-palestine-arabs-gaza-tensions.html,2023-10-14T09:02:43+0000,By Steven Erlanger,World,
Pro-Israel and Pro-Palestine Protesters Demonstrate at The Hague,https://www.nytimes.com/video/world/europe/100000009260715/genocide-hearing-protests.html,2024-01-11T16:51:13+0000,By Reuters,World,
College Protesters Make Divestment From Israel a Rallying Cry,https://www.nytimes.com/2024/04/24/business/college-protesters-divestment-israel.html,2024-04-24T20:17:19+0000,By Santul Nerkar,Business Day,
Tension Over the Israel-Hamas War Casts a Pall Over Frankfurt Book Fair,https://www.nytimes.com/2023/10/19/books/frankfurt-book-fair-israel-war-adania-shibli.html,2023-10-19T20:44:53+0000,By Alexandra Alter and Elizabeth A. Harris,Books,
What It Takes to Choose Life Over Revenge,https://www.nytimes.com/2023/10/19/opinion/israel-netanyahu-palestinians.html,2023-10-19T09:04:14+0000,By Ayman Odeh,Opinion,
Three Israeli Hostages Are Released for 183 Palestinian Prisoners,https://www.nytimes.com/video/world/middleeast/100000009979098/israel-palestine-hamas-prisoners-hostages.html,2025-02-08T22:32:10+0000,By McKinnon de Kuyper,World,
"If We Want to Live in a World With Rules, They Have to Apply to Israel, Too",https://www.nytimes.com/2024/01/28/opinion/israel-genocide-south-africa.html,2024-01-28T14:00:08+0000,By Lydia Polgreen,Opinion,
There Is a Jewish Hope for Palestinian Liberation. It Must Survive.,https://www.nytimes.com/2023/10/14/opinion/palestinian-ethical-resistance-answers-grief-and-rage.html,2023-10-14T11:00:31+0000,By Peter Beinart,Opinion,
Pro-Palestinian Group at Columbia Now Backs ‘Armed Resistance’ by Hamas,https://www.nytimes.com/2024/10/09/nyregion/columbia-pro-palestinian-group-hamas.html,2024-10-09T22:25:19+0000,By Sharon Otterman,New York,
N.Y.C. Protest Calling for Gaza Cease-Fire Targets Pro-Israel Senators,https://www.nytimes.com/2024/02/22/nyregion/aipac-gaza-protest-nyc.html,2024-02-23T00:49:43+0000,By Hurubie Meko and Olivia Bensimon,New York,
Drawings of a City Divided: New York Reacts to the Israel-Hamas War,https://www.nytimes.com/2023/11/11/opinion/israel-hamas-war-new-york-city.html,2023-11-11T12:00:47+0000,By Lucinda Rogers,Opinion,
"The Disastrous Relationship Among Israel, Palestinians and the U.N.",https://www.nytimes.com/2024/05/17/opinion/ezra-klein-podcast-asli-bali.html,2024-05-17T09:03:31+0000,By ‘The Ezra Klein Show',Opinion,
Did a Cafe’s Pro-Israel Stance Cause a Staff Revolt? It’s Complicated.,https://www.nytimes.com/2023/11/21/nyregion/new-york-coffee-shop-israel.html,2023-11-21T16:10:19+0000,By Katherine Rosman,New York,
I’m Going to War for Israel. Palestinians Are Not My Enemy.,https://www.nytimes.com/2023/10/13/opinion/israel-military-war.html,2023-10-13T09:34:36+0000,By Nir Avishai Cohen,Opinion,
Biden Shields Palestinians in the U.S. From Deportation,https://www.nytimes.com/2024/02/14/us/politics/biden-palestinians-deportation.html,2024-02-14T21:20:10+0000,By Hamed Aleaziz,U.S.,
"Trump Advisers Talk of Palestinian Expulsions, but Activists Focus on Biden",https://www.nytimes.com/2024/03/26/us/politics/trump-gaza.html,2024-03-26T20:25:31+0000,By Jonathan Weisman,U.S.,
Here is a timeline of the clashes between Palestinian militants and Israel.,https://www.nytimes.com/2023/10/07/world/middleeast/israel-gaza-conflict-timeline.html,2023-10-07T21:04:18+0000,By Emma Bubola,World,
"In a Grim Palestinian Refugee Community, People See Hope in Hamas",https://www.nytimes.com/2024/08/24/world/middleeast/palestinian-refugees-hamas-lebanon.html,2024-08-24T04:01:36+0000,By Maria Abi-Habib and Hwaida Saad,World,
Trump Pushes Jordan and Egypt to Take in Palestinians to ‘Clean Out’ Gaza,https://www.nytimes.com/2025/01/26/world/middleeast/trump-gaza-jordan-egypt.html,2025-01-26T14:13:18+0000,By Zolan Kanno-Youngs and Vivian Yee,World,
What to Know About the Attacks on Israeli Soccer Fans in Amsterdam,https://www.nytimes.com/2024/11/08/world/europe/amsterdam-israel-soccer-fans-attacks.html,2024-11-08T21:35:07+0000,"By Eve Sampson, Lynsey Chutel, Christopher F. Schuetze and Jim Tankersley",World,
"Jenin, a Target of Israeli Raids, Is Symbol of Palestinian Opposition and Militancy",https://www.nytimes.com/2024/08/28/world/middleeast/jenin-west-bank-history-israel-palestinians.html,2024-08-28T13:07:34+0000,By Erika Solomon,World,
Why a Prosecutor Went Public With Arrest Warrant Requests for Hamas and Israeli Leaders,https://www.nytimes.com/2024/05/22/world/europe/icc-warrants-israel-hamas-khan.html,2024-05-22T18:11:30+0000,By Amanda Taub,World,
Artists and Speakers Withdraw From SXSW Over U.S. Military’s Support of Israel,https://www.nytimes.com/2024/03/13/us/sxsw-army-sponsorship-protest.html,2024-03-13T19:25:37+0000,By Emily Schmall,U.S.,
Campus Crackdowns Have Chilling Effect on Pro-Palestinian Speech,https://www.nytimes.com/2023/12/17/us/campus-crackdowns-have-chilling-effect-on-pro-palestinian-speech.html,2023-12-17T10:00:32+0000,By Vimal Patel and Anna Betts,U.S.,
Hunter College Pulls Screening of Film Critical of Israel,https://www.nytimes.com/2023/11/16/arts/israel-documentary-hunter-cancel.html,2023-11-16T18:39:19+0000,By Jennifer Schuessler,Arts,
"DeSantis, Voicing Support for Israel, Is Asked: What About Palestine?",https://www.nytimes.com/2023/10/12/us/politics/desantis-israel-gaza.html,2023-10-13T00:18:19+0000,By Nicholas Nehamas,U.S.,
Netanyahu Rebuffs U.S. Calls to Start Working Toward Palestinian Statehood,https://www.nytimes.com/2024/01/18/world/middleeast/netanyahu-palestinian-state-israel-gaza-war.html,2024-01-18T19:31:14+0000,By Aaron Boxerman,World,
Israeli Police Raid Palestinian Bookshops in East Jerusalem,https://www.nytimes.com/2025/02/10/world/middleeast/israel-east-jerusalem-bookstore.html,2025-02-10T12:04:19+0000,By Natan Odenheimer and Lara Jakes,World,
Blinken Meets With Abbas to Talk About Gaza’s Future,https://www.nytimes.com/2024/01/10/world/middleeast/blinken-visit-palestinian-gaza-abbas.html,2024-01-10T10:24:34+0000,By Edward Wong,World,
A Careful Dance: How Hezbollah and Israel Have Kept the Lid on a Wider War,https://www.nytimes.com/2024/06/07/world/middleeast/lebanon-israel-hezbollah.html,2024-06-07T04:01:59+0000,"By Neil MacFarquhar, Hwaida Saad, Euan Ward and Diego Ibarra Sanchez",World,
Israel Is Urged to Reverse Course on Palestinian Aid Agency Ban,https://www.nytimes.com/2025/01/28/world/middleeast/unrwa-israel-un.html,2025-01-29T00:31:09+0000,By Farnaz Fassihi,World,
Palestinians Gather in West Bank to Welcome Prisoners Released by Israel,https://www.nytimes.com/2025/01/30/world/middleeast/palestinians-gather-west-bank-welcome-prisoners.html,2025-01-30T22:04:58+0000,By Fatima AbdulKarim and Liam Stack,World,
"The Road to 1948, and the Roots of a Perpetual Conflict",https://www.nytimes.com/interactive/2024/02/01/magazine/israel-founding-palestinian-conflict.html,2024-02-01T15:20:02+0000,By Emily Bazelon,Magazine,
"After Anti-Israel Speeches, a Law School Curtails Graduation Traditions",https://www.nytimes.com/2024/05/21/nyregion/cuny-law-school-commencement-address-canceled.html,2024-05-21T07:00:09+0000,By Maia Coleman,New York,
"A Gaza Doctor Has Died in Israeli Custody, Palestinian Groups Say",https://www.nytimes.com/2024/05/03/world/middleeast/doctor-died-israeli-detention.html,2024-05-03T18:07:52+0000,By Raja Abdulrahim,World,
Noted Palestinian Poet Released by Israel After Two-Day Detention,https://www.nytimes.com/2023/11/21/world/middleeast/abu-toha-palestinian-poet-gaza.html,2023-11-21T13:10:21+0000,By Raja Abdulrahim,World,
Bernie Sanders: Justice for the Palestinians and Security for Israel,https://www.nytimes.com/2023/11/22/opinion/bernie-sanders-israel-gaza.html,2023-11-22T10:03:28+0000,By Bernie Sanders,Opinion,
Israeli Soldiers on Vacation Are Being Investigated for War Crimes in Gaza,https://www.nytimes.com/2025/01/08/world/middleeast/israeli-soldiers-on-vacation-are-being-investigated-for-war-crimes-in-gaza.html,2025-01-08T22:00:03+0000,By Amanda Taub,World,
Soccer’s Governing Body Delays Vote on Palestinian Call to Bar Israel,https://www.nytimes.com/2024/05/17/world/middleeast/fifa-israel-soccer-gaza.html,2024-05-17T09:24:18+0000,By Tariq Panja,World,
"In Congress and on Campuses, ‘From the River to the Sea’ Inflames Debate",https://www.nytimes.com/2023/11/09/us/politics/river-to-the-sea-israel-gaza-palestinians.html,2023-11-09T19:48:05+0000,By Karoun Demirjian and Liam Stack,U.S.,
Pro-Israel and Pro-Palestinian Students at Columbia Hold Side-by-Side Protests,https://www.nytimes.com/2024/10/06/us/oct-7-columbia-protests.html,2024-10-07T18:40:43+0000,By Anvee Bhutani and Sharla Steinman,U.S.,
Turkey’s President Says His Country Could Enter Israel to Help Palestinians,https://www.nytimes.com/2024/07/29/world/middleeast/turkey-israel-erdogan.html,2024-07-29T12:37:57+0000,By Ben Hubbard and Safak Timur,World,
Canada Lawmakers Back Motion Meant to Help Bring Peace to Gaza,https://www.nytimes.com/2024/03/18/world/canada/canada-parliament-gaza-vote.html,2024-03-19T03:31:47+0000,By Ian Austen,World,
Palestinian Bid to Ban Israel From Soccer Is Put Off,https://www.nytimes.com/2024/07/18/sports/fifa-israel-soccer.html,2024-07-18T21:44:12+0000,By Tariq Panja,Sports,
Restoring the Past Won’t Liberate Palestine,https://www.nytimes.com/2024/02/18/opinion/israel-gaza-palestine-decolonization.html,2024-02-18T12:24:54+0000,By Lydia Polgreen,Opinion,
"Spain, Norway and Ireland Recognize Palestinian State, Further Isolating Israel",https://www.nytimes.com/2024/05/22/world/middleeast/spain-norway-ireland-palestinian-statehood-israel.html,2024-05-22T21:18:29+0000,"By Aaron Boxerman, Emma Bubola and Michael Levenson",World,
Who’s a ‘Colonizer’? How an Old Word Became a New Weapon,https://www.nytimes.com/2023/12/10/world/europe/colonialist-word-gaza-ukraine.html,2023-12-10T10:01:03+0000,By Roger Cohen,World,
"Israeli Raids in West Bank Focus on Jenin, Long a Resistance Hub",https://www.nytimes.com/2025/01/22/world/middleeast/israel-west-bank-jenin-raids.html,2025-01-22T12:07:30+0000,"By Lara Jakes, Fatima AbdulKarim and Hiba Yazbek",World,
The Hamas Chief and the Israeli Who Saved His Life,https://www.nytimes.com/2024/05/26/world/middleeast/hamas-sinwar-israel-doctor-prison-swap.html,2024-05-26T07:00:44+0000,By Jo Becker and Adam Sella,World,
"Saudi-Israel Ties Depend on Steps Toward a Palestinian State, Blinken Says",https://www.nytimes.com/2024/01/09/world/middleeast/blinken-israel-saudi-palestinian-state.html,2024-01-09T11:12:48+0000,By Edward Wong and Vivian Nereim,World,
Meet the Champions of Nuance and Empathy We Need,https://www.nytimes.com/2023/11/08/opinion/israel-palestine-war-family-loss.html,2023-11-09T00:00:13+0000,By Nicholas Kristof,Opinion,
Rally in Michigan Urges Protest Vote Against Biden’s Israel Policies,https://www.nytimes.com/2024/02/25/us/biden-michigan-israel-gaza.html,2024-02-26T04:13:54+0000,By Anjali Huynh,U.S.,
"Between Israelis and Palestinians, a Lethal Psychological Chasm Grows",https://www.nytimes.com/2023/11/20/world/middleeast/israelis-palestinians-conflict.html,2023-11-20T10:01:47+0000,By Roger Cohen,World,
Israeli Soldiers Throw Three Seemingly Lifeless Palestinians Off a Roof,https://www.nytimes.com/2024/09/20/world/middleeast/israel-soldiers-palestinian-bodies-roof.html,2024-09-20T17:57:26+0000,By Raja Abdulrahim and Aric Toler,World,
How the War in Gaza Mobilized the American Left,https://www.nytimes.com/2024/04/12/us/politics/palestine-israel-democrats.html,2024-04-12T09:00:17+0000,"By Katie Glueck, Katie Benner and Sheera Frenkel",U.S.,
How Palestinians in New York Feel About Trump’s Gaza Takeover Plan,https://www.nytimes.com/2025/02/06/nyregion/palestinians-ny-trump-gaza.html,2025-02-06T10:02:25+0000,By Shauntel Lowe,New York,
Israeli and Palestinian Activists Ask Americans to Take Side of Peace,https://www.nytimes.com/2023/11/17/world/middleeast/israel-palestinians-standing-together.html,2023-11-17T05:02:01+0000,By Talya Minsberg,World,
"How to Be Pro-Palestinian, Pro-Israeli and Pro-Iranian",https://www.nytimes.com/2024/04/16/opinion/israel-iran-gaza.html,2024-04-16T20:46:05+0000,By Thomas L. Friedman,Opinion,
"At Harvard, a Battle Over What Should Be Said About the Hamas Attacks",https://www.nytimes.com/2023/10/10/us/harvard-israel-gaza-hamas-reaction.html,2023-10-10T23:52:47+0000,"By Anemona Hartocollis, Stephanie Saul and Vimal Patel",U.S.,
What Is the Path to Peace in Gaza? Here Are 10 Ideas.,https://www.nytimes.com/interactive/2023/12/12/opinion/gaza-israel-palestinians-plans.html,2023-12-12T10:01:36+0000,,Opinion,
"At Hanukkah Rally in New York, Prayers, Candles and Calls for Cease-Fire",https://www.nytimes.com/2023/12/07/nyregion/ceasefire-rally-hanukkah-new-york.html,2023-12-08T02:23:24+0000,By Claire Fahy,New York,
Democrats Ignored Gaza and Brought Down Their Party,https://www.nytimes.com/2024/11/07/opinion/democrats-israel-gaza-war.html,2024-11-07T10:04:38+0000,By Peter Beinart,Opinion,
Protest Against Gaza War Draws Thousands to the White House,https://www.nytimes.com/2024/06/08/us/politics/white-house-gaza-protest.html,2024-06-09T00:55:27+0000,By Minho Kim,U.S.,
Transcript: Ezra Klein Interviews Tareq Baconi,https://www.nytimes.com/2023/12/05/podcasts/transcript-ezra-klein-interviews-tareq-baconi.html,2023-12-05T18:00:03+0000,,Podcasts,
Pro-Palestinian Groups Seek to Thwart Josh Shapiro’s Chances for Harris’s V.P.,https://www.nytimes.com/2024/08/01/us/politics/shapiro-vp-israel.html,2024-08-01T09:04:19+0000,By Jonathan Weisman and Hiroko Masuike,U.S.,
The View Within Israel Turns Bleak,https://www.nytimes.com/2024/05/16/opinion/israeli-palestine-psyche.html,2024-05-16T18:40:06+0000,By Megan K. Stack,Opinion,
Gaza War Widens Gap Between Arab Rulers and Citizens,https://www.nytimes.com/2023/12/06/world/middleeast/gaza-israel-hamas-war-bahrain.html,2023-12-06T10:01:51+0000,By Vivian Nereim,World,
Was Peace Ever Possible?,https://www.nytimes.com/interactive/2023/11/20/magazine/israel-gaza-oslo-accords.html,2023-11-20T23:23:09+0000,Moderated by Emily Bazelon,Magazine,
"At Stanford, 2 Reports on Bias Show Extent of Divide Between Jews and Muslims",https://www.nytimes.com/2024/06/20/us/stanford-antisemitism-muslims-report.html,2024-06-21T02:48:28+0000,By Anemona Hartocollis,U.S.,
Protests Over Gaza Intensify at American Art Museums,https://www.nytimes.com/2024/04/02/arts/design/israel-gaza-protests-museums.html,2024-04-02T19:17:08+0000,By Zachary Small and Marc Tracy,Arts,
America May Soon Face a Fateful Choice About Iran,https://www.nytimes.com/2024/08/01/opinion/iran-israel-war.html,2024-08-01T18:31:47+0000,By Thomas L. Friedman,Opinion,
Gaza War Strains Europe’s Efforts at Social Cohesion,https://www.nytimes.com/2024/11/15/world/europe/israel-gaza-war-europe.html,2024-11-15T15:07:14+0000,By Steven Erlanger,World,
"Peace, a Forgotten Word, Renews its Claim in the Holy Land",https://www.nytimes.com/2023/10/22/world/middleeast/peace-activists-israel-palestinian.html,2023-10-22T09:01:11+0000,By Roger Cohen,World,
Transcript: Ezra Klein Interviews Amjad Iraqi,https://www.nytimes.com/2023/11/07/podcasts/ezra-klein-interviews-amjad-iraqi.html,2023-11-07T18:37:56+0000,,Podcasts,
Columbia University Postpones a Fund-Raiser as Divisions Over War Deepen,https://www.nytimes.com/2023/10/24/nyregion/columbia-giving-day-israel-hamas-war.html,2023-10-24T18:32:58+0000,By Sharon Otterman,New York,
Understanding Israel’s Hard Choices,https://www.nytimes.com/2023/10/12/opinion/israel-hamas-president-biden.html,2023-10-12T09:02:39+0000,By Thomas L. Friedman and Vishakha Darbha,Opinion,
"As Hamas Exchanges Gaza Hostages, It Puts on a Show of Force",https://www.nytimes.com/2025/01/25/world/middleeast/israel-gaza-hostage-prisoner-swap.html,2025-01-25T22:07:32+0000,"By Patrick Kingsley, Aaron Boxerman, Adam Rasgon and Thomas Fuller",World,
The War in Gaza and the Emerging Rift in American Jewish Life,https://www.nytimes.com/2024/04/01/opinion/jewish-liberalism.html,2024-04-01T09:04:51+0000,"By Peter Beinart, Max Strasser and Jillian Weinberger",Opinion,
White House Disavows U.S. Islamic Group After Leader’s Oct. 7 Remarks,https://www.nytimes.com/2023/12/08/us/politics/white-house-cair-nihad-awad.html,2023-12-08T06:09:32+0000,By Peter Baker,U.S.,
What Will Israel’s Ban of a U.N. Aid Agency Mean for Palestinians?,https://www.nytimes.com/2025/01/30/world/middleeast/israel-ban-unrwa-palestinians.html,2025-01-30T11:22:57+0000,By Natan Odenheimer,World,
Biden’s Moral Failure in Israel,https://www.nytimes.com/2024/10/08/opinion/bidens-moral-failure-in-israel.html,2024-10-08T09:02:14+0000,By Peter Beinart,Opinion,
Here Is the Missing Context in Ta-Nehisi Coates’s ‘The Message’,https://www.nytimes.com/2024/10/24/opinion/israel-palestine-coates-settler.html,2024-10-24T09:04:13+0000,By Pamela Paul,Opinion,
Israel’s Controlled Demolitions Are Razing Neighborhoods in Gaza,https://www.nytimes.com/interactive/2024/02/01/world/middleeast/Israel-gaza-war-demolish.html,2024-02-01T05:01:01+0000,"By Leanne Abraham, Bora Erden, Nader Ibrahim, Elena Shao and Haley Willis",World,
The Discourse Is Toxic. Universities Can Help.,https://www.nytimes.com/2023/10/30/opinion/princeton-columbia-israel-gaza.html,2023-10-30T09:02:18+0000,By Amaney Jamal and Keren Yarhi-Milo,Opinion,
Peace Activists Are Among the Israelis Missing and Killed,https://www.nytimes.com/2023/10/10/world/middleeast/peace-activists-killed-israel.html,2023-10-10T09:25:40+0000,By Roni Caryn Rabin,World,
Behind Hamas’s Bloody Gambit to Create a ‘Permanent’ State of War,https://www.nytimes.com/2023/11/08/world/middleeast/hamas-israel-gaza-war.html,2023-11-08T10:02:19+0000,By Ben Hubbard and Maria Abi-Habib,World,
How Republicans Echo Antisemitic Tropes Despite Declaring Support for Israel,https://www.nytimes.com/2024/05/09/us/antisemitism-republicans-trump.html,2024-05-09T09:06:43+0000,"By Karen Yourish, Danielle Ivory, Jennifer Valentino-DeVries and Alex Lemonides",U.S.,
"As Irish Leader Visits U.S., Shamrock Camaraderie Is Strained by Gaza War",https://www.nytimes.com/2024/03/14/us/politics/ireland-us-gaza.html,2024-03-14T22:33:56+0000,By Peter Baker and Zolan Kanno-Youngs,U.S.,
Only Biden and M.B.S. Can Redirect the Israeli-Palestinian Conflict,https://www.nytimes.com/2024/02/13/opinion/israel-hamas-gaza.html,2024-02-13T06:00:17+0000,By Thomas L. Friedman,Opinion,
Understanding the True Nature of the Hamas-Israel War,https://www.nytimes.com/2023/11/28/opinion/israel-palestinians-war-iran.html,2023-11-29T00:04:57+0000,By Thomas L. Friedman,Opinion,
Israel Is Silencing Internal Critics,https://www.nytimes.com/2023/11/02/opinion/israel-free-speech-hamas-palestine.html,2023-11-02T13:27:59+0000,By Michael Sfard,Opinion,
"Two Students, Two Views, One Campus Conflict in the Midwest",https://www.nytimes.com/2024/02/13/us/umich-palestinian-zionist.html,2024-02-13T20:33:54+0000,By Kurt Streeter,U.S.,
The Rising Risk of a New Forever War,https://www.nytimes.com/2024/09/30/opinion/international-world/the-rising-risk-of-a-new-forever-war.html,2024-09-30T17:36:46+0000,By Fawaz A. Gerges,Opinion,
Gaza Crisis Unites American Muslims in Anger and Mourning,https://www.nytimes.com/2023/10/13/us/israel-gaza-american-muslims.html,2023-10-14T03:20:51+0000,"By Jack Healy, Ernesto Londoño and Eileen Sullivan",U.S.,
The Palestine Double Standard,https://www.nytimes.com/2023/10/25/opinion/palestine-war-empathy.html,2023-10-25T09:02:31+0000,By Hala Alyan,Opinion,
Is Anti-Zionism Always Antisemitic? A Fraught Question for the Moment.,https://www.nytimes.com/2023/12/10/us/politics/anti-zionism-antisemitism.html,2023-12-10T10:01:04+0000,By Jonathan Weisman,U.S.,
Authors Call for a Boycott of Israeli Cultural Institutions,https://www.nytimes.com/2024/10/31/books/authors-letters-middle-east-war.html,2024-10-31T15:58:50+0000,By Alexandra Alter,Books,
Stop the Boycott of Israeli Culture,https://www.nytimes.com/2024/10/31/opinion/israel-palestinians-cultural-boycott.html,2024-10-31T05:00:05+0000,By Deborah Harris and Jessica Kasmer-Jacobs,Opinion,
"In Jordan, a Sprawling Palestinian Diaspora Looks Towards Gaza",https://www.nytimes.com/interactive/2023/12/20/magazine/jordan-palestinian-refugees.html,2023-12-20T22:30:16+0000,Photographs by Moises Saman,Magazine,
"Why Is Israel Targeting Jenin, in the West Bank?",https://www.nytimes.com/2025/01/22/world/middleeast/why-israel-targeting-jenin.html,2025-01-22T22:23:31+0000,By Ephrat Livni,World,
"Hamas May Emerge Battered, but Not Beaten, From Israel’s Latest Blows",https://www.nytimes.com/2024/08/04/world/middleeast/hamas-israel-gaza-future.html,2024-08-04T08:27:36+0000,By Erika Solomon,World,
Skepticism Grows Over Israel’s Ability to Dismantle Hamas,https://www.nytimes.com/2023/12/27/world/middleeast/israel-hamas-war-military.html,2023-12-27T10:05:05+0000,By Neil MacFarquhar,World,
We Must Not Kill Gazan Children to Try to Protect Israel’s Children,https://www.nytimes.com/2023/10/21/opinion/israel-gaza-palestine-children.html,2023-10-21T11:00:11+0000,By Nicholas Kristof,Opinion,
"For Palestinian Students Shot in Vermont, a Collision of Two Worlds",https://www.nytimes.com/2023/11/29/us/vermont-shooting-burlington-palestinian-american.html,2023-11-29T20:09:13+0000,By Anna Betts and Jenna Russell,U.S.,
Black and Jewish Activists Have Allied for Decades. What Now?,https://www.nytimes.com/2024/01/18/magazine/black-jewish-activists-palestine.html,2024-01-18T10:00:59+0000,By Daniel Bergner,Magazine,
"On Campus, a New Social Litmus Test: Zionist or Not?",https://www.nytimes.com/2024/05/22/style/jewish-college-students-zionism-israel.html,2024-05-22T09:03:21+0000,By Joseph Bernstein,Style,
Israel Has a Choice to Make: Rafah or Riyadh,https://www.nytimes.com/2024/04/26/opinion/israel-war-rafah-riyadh.html,2024-04-26T20:48:46+0000,By Thomas L. Friedman,Opinion,
Israel Has Invaded Lebanon Three Times Before. Here’s a Closer Look.,https://www.nytimes.com/2024/10/01/world/middleeast/israel-lebanon-invasions-history.html,2024-10-01T13:15:16+0000,By Matthew Mpoke Bigg,World,
Western Europe Is Starting to Send a Vital Warning to Israel,https://www.nytimes.com/2024/05/22/opinion/europe-palestine-recognized-israel.html,2024-05-22T18:18:03+0000,By Thomas L. Friedman,Opinion,
Israel Is Falling Into an Abyss,https://www.nytimes.com/2024/03/01/opinion/israel-gaza-palestinians-hostages.html,2024-03-01T10:02:11+0000,By David Grossman,Opinion,
New Palestinian Prime Minister Offers Little Hope for Change,https://www.nytimes.com/2024/03/15/world/europe/palestinian-authority-prime-minister.html,2024-03-15T04:00:48+0000,By Steven Erlanger and Adam Rasgon,World,
Myth and Reality in Israel’s Hostage Negotiations,https://www.nytimes.com/2024/02/27/opinion/israel-hostage-negotiations-entebbe.html,2024-02-27T10:03:31+0000,By Dahlia Scheindlin,Opinion,
The Next Stop for Denver Campus Protesters Is the Democratic Convention,https://www.nytimes.com/2024/08/17/us/campus-protests-denver-dnc.html,2024-08-17T09:00:47+0000,By Audra D. S. Burch and Kelley Manley,U.S.,
Transcript: Ezra Klein Interviews Amaney Jamal,https://www.nytimes.com/2023/11/03/podcasts/transcript-ezra-klein-interviews-amaney-jamal.html,2023-11-03T17:00:08+0000,,Podcasts,
Transcript: Ezra Klein Interviews Nimrod Novik,https://www.nytimes.com/2023/12/08/podcasts/transcript-ezra-klein-interviews-nimrod-novik.html,2023-12-08T20:35:29+0000,,Podcasts,
"At World Court, Israel to Confront Accusations of Genocide",https://www.nytimes.com/2024/01/10/world/middleeast/israel-genocide-case-south-africa-icj.html,2024-01-10T15:11:25+0000,By Isabel Kershner and John Eligon,World,
Release of Gazan Hospital Director Draws Outcry in Israel,https://www.nytimes.com/2024/07/01/world/middleeast/shifa-hospital-director-released.html,2024-07-01T11:58:16+0000,By Hiba Yazbek,World,
Biden Found Even Modest Israel-Palestinian Peace Steps Impossible,https://www.nytimes.com/2023/11/01/us/politics/biden-israel-palestinians-peace.html,2023-11-01T17:07:26+0000,By Michael Crowley,U.S.,
Teaching About the Israel-Hamas War,https://www.nytimes.com/2023/10/13/learning/teaching-about-the-israel-hamas-war.html,2023-10-13T22:58:46+0000,By The Learning Network,The Learning Network,
U.N. and Britain Denounce Israeli Attack in Gaza That Killed U.N. Workers,https://www.nytimes.com/2024/09/12/world/middleeast/un-school-gaza-israel.html,2024-09-12T22:00:11+0000,By Liam Stack and Thomas Fuller,World,
UNRWA: Stop Israel’s Violent Campaign Against Us,https://www.nytimes.com/2024/05/30/opinion/israel-gaza-un-unrwa.html,2024-05-30T05:00:08+0000,By Philippe Lazzarini,Opinion,
Hostage Deaths Fuel Israelis’ Doubts About Netanyahu,https://www.nytimes.com/2023/12/17/world/middleeast/netanyahu-israel-gaza-hostages-politics.html,2023-12-17T20:41:24+0000,By Steven Erlanger,World,
"As Fighting Rages in Gaza, Israel Issues Warnings on Another Front",https://www.nytimes.com/2023/12/11/world/middleeast/israel-hamas-gaza-hezbollah.html,2023-12-12T01:02:46+0000,"By Andrés R. Martínez, Neil MacFarquhar and Thomas Fuller",World,
"Navigating Israeli Restrictions, Many Palestinians Find It Hard to Reach Al Aqsa",https://www.nytimes.com/2024/03/11/world/middleeast/palestinians-al-aqsa-mosque-ramadan.html,2024-03-11T04:01:33+0000,By Raja Abdulrahim,World,
Over 100 Arrested at Columbia After Pro-Palestinian Protest,https://www.nytimes.com/2024/04/18/nyregion/columbia-university-protests-antisemitism.html,2024-04-18T15:53:52+0000,By Sharon Otterman and Alan Blinder,New York,
California’s Push for Ethnic Studies Runs Into the Israel-Hamas War,https://www.nytimes.com/2024/02/15/us/california-ethnic-studies-israel-gaza-war.html,2024-02-15T10:02:14+0000,By Dana Goldstein,U.S.,
Israelis Are Not Watching the Same War You Are,https://www.nytimes.com/2024/06/14/opinion/ezra-klein-podcast-amit-segal.html,2024-06-14T09:06:23+0000,By ‘The Ezra Klein Show',Opinion,
The Israel-Hamas War Will Reshape Western Politics,https://www.nytimes.com/2023/11/01/opinion/israel-hamas-gaza-war-politics.html,2023-11-01T09:03:09+0000,By Ross Douthat,Opinion,
"For Democrats, Crisis in Israel Could Be a Unifying Force",https://www.nytimes.com/2023/10/12/us/politics/democrats-israel-hamas-war-palestine.html,2023-10-12T09:03:45+0000,By Lisa Lerer and Jennifer Medina,U.S.,
"After Antisemitic Attacks, Colleges Debate What Kind of Speech Is Out of Bounds",https://www.nytimes.com/2023/11/09/us/antisemitic-speech-palestine-israel-protests.html,2023-11-09T10:01:21+0000,By Anemona Hartocollis and Stephanie Saul,U.S.,
‘We Are Not Very Far From an Explosion’,https://www.nytimes.com/2024/01/31/magazine/west-bank-palestinians-settlers.html,2024-01-31T10:02:42+0000,By Roger Cohen,Magazine,
"Israel Pushes Deeper Into Rafah, Defying International Opinion",https://www.nytimes.com/2024/05/23/world/middleeast/israel-rafah-gaza.html,2024-05-23T23:00:14+0000,By Matthew Mpoke Bigg and Aaron Boxerman,World,
"In a Place Called Little Palestine, People Feel Afraid. And Forgotten.",https://www.nytimes.com/2023/12/05/nyregion/palestinians-paterson-nj.html,2023-12-05T08:00:42+0000,By Christopher Maag,New York,
Transcript: Ezra Klein Interviews Aaron David Miller,https://www.nytimes.com/2023/11/21/podcasts/transcript-ezra-klein-interviews-aaron-miller.html,2023-11-21T18:28:51+0000,,Podcasts,
Protesters Mourn Nasrallah’s Death Around the World,https://www.nytimes.com/article/nasrallah-death-protests.html,2024-09-28T19:47:23+0000,By The New York Times,World,
A Showcase for Israeli Property Creates Rancor in a Diverse Town,https://www.nytimes.com/2024/03/11/nyregion/synagogue-protest-teaneck-nj.html,2024-03-11T07:00:19+0000,By John Leland and Arvind Dilawar,New York,
Biden Caught in a Political Bind Over Israel Policy,https://www.nytimes.com/2024/02/24/world/middleeast/biden-netanyahu-israel-policy-election.html,2024-02-24T22:25:55+0000,By Aaron Boxerman and Jonathan Weisman,World,
Israel Orders Evacuations Amid ‘Intense’ Attacks on Southern Gaza,https://www.nytimes.com/2023/12/02/world/middleeast/israel-gaza-evacuations-war.html,2023-12-02T15:55:18+0000,"By Patrick Kingsley, Rawan Sheikh Ahmad and Thomas Fuller",World,
"Carter Had Complicated History With Israel, Despite Camp David Accords",https://www.nytimes.com/2024/12/29/us/politics/carter-israel-camp-david.html,2024-12-30T04:54:18+0000,By Peter Baker,U.S.,
The Question of Anti-Zionism and Antisemitism,https://www.nytimes.com/2023/11/15/opinion/israel-gaza-antisemitism.html,2023-11-16T00:00:08+0000,By Charles M. Blow,Opinion,
Antisemitic Attacks Prompt Emergency Flights for Israeli Soccer Fans,https://www.nytimes.com/2024/11/08/world/europe/amsterdam-israel-soccer-fans-attacked.html,2024-11-08T05:39:00+0000,"By John Yoon, Christopher F. Schuetze, Jin Yu Young and Claire Moses",World,
Israel’s Justice Ministry Opens Inquiry Into Police Killing of Youth in East Jerusalem,https://www.nytimes.com/2024/03/13/world/middleeast/israel-boy-killed-east-jerusalem-palestinian.html,2024-03-13T19:32:58+0000,"By Gabby Sobelman, Adam Sella and Cassandra Vinograd",World,
‘Erase Gaza’: War Unleashes Incendiary Rhetoric in Israel,https://www.nytimes.com/2023/11/15/world/middleeast/israel-gaza-war-rhetoric.html,2023-11-15T10:02:56+0000,By Mark Landler,World,
The Anti-Israel Left Needs to Take a Hard Look at Itself,https://www.nytimes.com/2023/10/10/opinion/israel-hamas-protests-left.html,2023-10-10T20:37:39+0000,By Bret Stephens,Opinion,
The Road Back From Hell,https://www.nytimes.com/2023/11/08/opinion/israel-hamas-cease-fire.html,2023-11-08T06:00:11+0000,By Daniel Levy,Opinion,
"Florida Scours College Textbooks, Looking for Antisemitism",https://www.nytimes.com/2025/01/27/us/florida-college-textbooks-antisemitism.html,2025-01-27T18:39:31+0000,By Vimal Patel,U.S.,
It’s Not Just Gaza: Student Protesters See Links to a Global Struggle,https://www.nytimes.com/2024/05/01/us/pro-palestinian-college-protests.html,2024-05-01T18:49:54+0000,By Jeremy W. Peters,U.S.,
The Houthi Militia in Yemen Has Gained Clout With Ship Attacks in the Red Sea,https://www.nytimes.com/2023/12/19/world/middleeast/houthis-red-sea-yemen-israel.html,2023-12-12T20:34:44+0000,By Vivian Nereim,World,
Reckoning With Israel’s Past Is Hard. The Present Is Harder.,https://www.nytimes.com/2024/10/07/books/review/loot-adam-raz-the-gates-of-gaza-amir-tibon.html,2024-10-07T09:00:20+0000,By Max Strasser,Books,
Jewish American Families Confront a Generational Divide Over Israel,https://www.nytimes.com/2023/12/05/us/jewish-american-israel-gaza-generation-gap.html,2023-12-05T17:50:35+0000,By Emma Goldberg and Marc Tracy,U.S.,
Protesters Occupy Building at Rhode Island School of Design,https://www.nytimes.com/2024/05/06/us/risd-protests-occupy-building.html,2024-05-07T03:57:30+0000,By Yan Zhuang,U.S.,
‘Angry and Afraid’: Tensions High in New York Over Israel-Hamas War,https://www.nytimes.com/2023/10/22/nyregion/israel-hamas-new-york-tensions.html,2023-10-23T00:08:44+0000,By Andy Newman,New York,
How the War in Gaza Disrupted an Elite Private School,https://www.nytimes.com/2024/06/26/nyregion/new-york-private-schools-israel-gaza.html,2024-06-26T07:00:13+0000,By Katherine Rosman,New York,
"As Turkey Cuts Trade Ties, Israel’s Isolation Grows",https://www.nytimes.com/2024/05/03/world/middleeast/turkey-israel-gaza-cease-fire.html,2024-05-03T21:50:51+0000,"By Gulsin Harman, Aaron Boxerman, Ben Hubbard and Thomas Fuller",World,
"House Declares Anti-Zionism Is Antisemitism, Dividing Democrats",https://www.nytimes.com/2023/12/05/world/middleeast/house-anti-zionism-antisemitism.html,2023-12-05T21:42:58+0000,By Karoun Demirjian,World,
Seven People Charged Over Break-In at Israeli Arms Company’s U.K. Site,https://www.nytimes.com/2024/08/13/world/europe/israeli-arms-company-elbit-break-in.html,2024-08-13T18:08:56+0000,By Lynsey Chutel,World,
Transcript: Ezra Klein Interviews Tom Friedman,https://www.nytimes.com/2024/01/19/podcasts/transcript-ezra-klein-interviews-tom-friedman.html,2024-01-19T22:52:34+0000,,Podcasts,
How the Mideast War Has Shaken America’s Cultural Institutions,https://www.nytimes.com/2024/11/14/arts/design/israel-gaza-war-art-culture-conflict.html,2024-11-14T10:00:31+0000,By Marc Tracy,Arts,
Tensions Flare in West Bank After Israeli Teenager Is Found Dead,https://www.nytimes.com/2024/04/13/world/middleeast/israel-palestine-teenager-west-bank.html,2024-04-13T23:15:05+0000,"By Aaron Boxerman, Christopher F. Schuetze and Julia Jacobs",World,
French Court Strikes Down Ban on Israeli Companies at Weapons Show,https://www.nytimes.com/2024/06/18/world/middleeast/arms-show-ban-france-israel-weapons.html,2024-06-18T13:04:19+0000,By Aurelien Breeden,World,
Transcript: Ezra Klein Interviews Spencer Ackerman and Peter Beinart,https://www.nytimes.com/2023/10/24/podcasts/transcript-ezra-klein-interviews-spencer-ackerman-and-peter-beinart.html,2023-10-24T19:34:39+0000,,Podcasts,
‘Everyone Was Surprised’: Palestinians in Gaza React to Conflict,https://www.nytimes.com/video/world/middleeast/100000009123230/gaza-israel-palestine-attack-hamas.html,2023-10-09T00:26:04+0000,,World,
Maps: Tracking the Attacks in Israel and Gaza,https://www.nytimes.com/interactive/2023/10/07/world/middleeast/israel-gaza-maps.html,2023-10-07T18:33:16+0000,"By Lauren Leatherby, Karen Yourish, Elena Shao, Eli Murray, Scott Reinhard, Josh Holder, Agnes Chang, Eleanor Lutz, Weiyi Cai, Pablo Robles, Leanne Abraham, Zach Levitt, Tim Wallace, Yousur Al-Hlou, Aric Toler, Ishaan Jhaveri, Robin Stein, Ashley Wu, Riley Mellen, John Ismay, Hiba Yazbek, Christoph Koettl, Molly Cook Escobar, Charlie Smart, Patrick Kingsley, Ronen Bergman, Amy Schoenfeld Walker, Bora Erden and Jon Huang",World,
"Israel Orders Partial Evacuation of Rafah, Fueling Fears of New Offensive",https://www.nytimes.com/2024/05/06/world/middleeast/israel-rafah-hamas-ceasefire.html,2024-05-06T20:55:16+0000,"By Vivek Shankar, Liam Stack, Adam Rasgon and Michael Levenson",World,
Biden Is ‘Outraged.’ But Is He Willing to Use America’s Leverage With Israel?,https://www.nytimes.com/2024/04/03/us/politics/biden-israel-gaza.html,2024-04-03T21:56:27+0000,By David E. Sanger and Peter Baker,U.S.,
New Resources for Teaching About the Israel-Hamas War,https://www.nytimes.com/2024/01/25/learning/lesson-plans/new-resources-for-teaching-about-the-israel-hamas-war.html,2024-01-25T16:18:04+0000,By The Learning Network,The Learning Network,
Transcript: Ezra Klein Interviews Ari Shavit,https://www.nytimes.com/2024/05/07/podcasts/transcript-ezra-klein-interviews-ari-shavit.html,2024-05-07T20:54:17+0000,,Podcasts,
Many Israelis Want Netanyahu Out. But There Is No Simple Path to Do It.,https://www.nytimes.com/2024/02/05/world/middleeast/israel-netanyahu-americans-elections.html,2024-02-05T10:02:39+0000,By Steven Erlanger,World,
Israel Gives UNRWA Six Days to Halt Operations in East Jerusalem,https://www.nytimes.com/2025/01/24/world/middleeast/israel-unrwa-palestinian-refugees.html,2025-01-25T01:04:53+0000,By Farnaz Fassihi,World,
Austin Pushes Back on Claims of Israel Carrying Out Genocide in Gaza,https://www.nytimes.com/2024/04/09/world/middleeast/austin-genocide-gaza-israel.html,2024-04-09T19:27:31+0000,By John Ismay,World,
The U.S. vetoes a Security Council resolution on the Israel-Hamas conflict.,https://www.nytimes.com/2023/10/18/world/middleeast/israel-hamas-gaza-un-security-council.html,2023-10-18T22:35:45+0000,By Farnaz Fassihi,World,
"After Weeks of Planning, Seconds Made the Difference in Israel’s Hostage Rescue",https://www.nytimes.com/2024/06/10/world/middleeast/israel-hostage-rescue-gaza.html,2024-06-11T01:47:43+0000,By Bilal Shbair and Ronen Bergman,World,
"Israel Rolls Into Paris Olympics Amid Cheers, Boos and Police Sirens",https://www.nytimes.com/2024/07/24/world/olympics/paris-olympics-israel-soccer.html,2024-07-24T21:19:59+0000,By Tariq Panja,World,
Race and Israel Take Center Stage in Final Bowman-Latimer Debate,https://www.nytimes.com/2024/06/18/nyregion/bowman-latimer-debate.html,2024-06-19T01:54:00+0000,By Nicholas Fandos,New York,
One Issue on Which Israeli Extremists Are Mainstream,https://www.nytimes.com/2024/09/16/opinion/israel-west-bank.html,2024-09-16T05:00:14+0000,By Hagai El-Ad,Opinion,
What I Read to My Son When the World Is on Fire,https://www.nytimes.com/2023/11/06/opinion/jewish-palestine-literature.html,2023-11-06T10:01:53+0000,By Miriam Udel,Opinion,
Teaching and Learning About the Pro-Palestinian Student Protests on College Campuses,https://www.nytimes.com/2024/05/09/learning/lesson-plans/teaching-and-learning-about-the-pro-palestinian-student-protests-on-college-campuses.html,2024-05-09T15:36:01+0000,By The Learning Network,The Learning Network,
"Israeli Bombing in Gaza Humanitarian Zone Kills at Least 19, Officials Say",https://www.nytimes.com/2024/09/10/world/middleeast/israeli-attack-gaza-humanitarian-zone.html,2024-09-10T22:04:05+0000,"By Rawan Sheikh Ahmad, Ephrat Livni, Sanjana Varghese and Thomas Fuller",World,
U.S. Military’s Plea to Israel: Do More to Protect Gazans in War Zone,https://www.nytimes.com/2024/05/10/us/politics/us-military-israel-gaza.html,2024-05-10T17:40:38+0000,By Helene Cooper and Eric Schmitt,U.S.,
Colombia to Sever Ties With Israel Over Gaza War,https://www.nytimes.com/2024/05/01/world/middleeast/colombia-israel-relations.html,2024-05-01T20:24:52+0000,By Genevieve Glatsky,World,
"‘The Longer and Bloodier the War, the Harder it Will Be for the Democratic Coalition’",https://www.nytimes.com/2023/11/08/opinion/biden-trump-israel-hamas.html,2023-11-08T10:02:39+0000,By Thomas B. Edsall,Opinion,
"Dozens Killed as Israeli Strikes Pound Lebanon, Health Ministry Says",https://www.nytimes.com/2024/11/07/world/middleeast/israel-lebanon-hezbollah-gaza.html,2024-11-07T12:18:08+0000,"By Liam Stack, Matthew Mpoke Bigg and Ephrat Livni",World,
"Spain, Norway and Ireland Recognize Palestinian Statehood",https://www.nytimes.com/video/world/100000009482799/palestine-spain-norway-ireland.html,2024-05-22T19:30:06+0000,By The Associated Press,World,
Tuesday Briefing: An Israeli Warning to Hezbollah,https://www.nytimes.com/2023/12/11/briefing/israel-labanon-ukraine.html,2023-12-11T21:09:21+0000,By Jonathan Wolfe,Briefing,
A Timeline of How the Israel-Hamas War Has Roiled College Campuses,https://www.nytimes.com/2023/12/12/us/campus-unrest-israel-gaza-antisemitism.html,2023-12-12T13:35:11+0000,By Anna Betts,U.S.,
The War in Gaza Is Splintering the Democratic Party,https://www.nytimes.com/2023/11/17/opinion/israel-democratic-party-jamaal-bowman.html,2023-11-17T10:03:12+0000,By Michelle Goldberg,Opinion,
U.S. to Press Israel for ‘Pauses’ in War With Hamas,https://www.nytimes.com/2023/11/02/us/politics/biden-israel-gaza-fighting-pause.html,2023-11-02T16:03:22+0000,By Michael D. Shear,U.S.,
Israel Presses On With Strikes in Gaza After U.N. Cease-Fire Resolution,https://www.nytimes.com/2024/03/26/world/middleeast/israel-strikes-gaza-un-cease-fire-resolution.html,2024-03-26T12:15:38+0000,By Hiba Yazbek,World,
Israel Orders New Evacuation in Gaza as Aid Workers Say Bombing Kills Dozens,https://www.nytimes.com/2024/07/22/world/middleeast/israel-gaza-khan-younis.html,2024-07-22T23:00:20+0000,By Matthew Mpoke Bigg and Iyad Abuheweila,World,
Read the I.C.J. Ruling on Israel’s Rafah Offensive,https://www.nytimes.com/interactive/2024/05/24/us/israelruling.html,2024-05-24T15:32:22+0000,,U.S.,
Austin Returns to Israel With a Tougher Message and Lessons Learned,https://www.nytimes.com/2023/12/18/us/politics/lloyd-austin-israel-gaza.html,2023-12-18T09:14:57+0000,By Helene Cooper and Eric Schmitt,U.S.,
Artforum Fires Top Editor After Its Open Letter on Israel-Hamas War,https://www.nytimes.com/2023/10/26/arts/artforum-editor-fired-david-velasco-palestine-gaza.html,2023-10-27T03:00:54+0000,By Zachary Small,Arts,
"What Is Hezbollah, the Group That Poses a Threat to Israel From the North?",https://www.nytimes.com/2023/10/19/world/middleeast/hezbollah-lebanon-israel-explained.html,2023-10-19T11:38:13+0000,By Nicholas Casey and Euan Ward,World,
Israeli Officials Believe International Court Is Preparing Arrest Warrants Over War,https://www.nytimes.com/2024/04/28/world/middleeast/netanyahu-icc-arrest-warrants-israel-hamas.html,2024-04-28T21:51:08+0000,By Ronen Bergman and Patrick Kingsley,World,
House Republicans’ Next Target: Reports of Antisemitism in K-12 Schools,https://www.nytimes.com/2024/05/07/us/house-gop-antisemitism-education.html,2024-05-07T09:01:29+0000,By Dana Goldstein and Sarah Mervosh,U.S.,
92NY Pulls Event With Acclaimed Writer Who Criticized Israel,https://www.nytimes.com/2023/10/21/arts/92ny-viet-thanh-nguyen-israel.html,2023-10-21T17:53:38+0000,By Jennifer Schuessler,Arts,
Top U.N. Court Decision Adds to Israel’s Growing Isolation,https://www.nytimes.com/2024/05/24/world/middleeast/icj-israel-rafah-isolation.html,2024-05-24T17:32:58+0000,By Patrick Kingsley,World,
"War Brings Tensions, and Assault Rifles, Into an Israeli College",https://www.nytimes.com/2024/01/07/world/middleeast/israel-gaza-haifa-university-students.html,2024-01-07T10:01:15+0000,By Adam Sella,World,
The Appalling Tactics of the ‘Free Palestine’ Movement,https://www.nytimes.com/2024/04/02/opinion/the-appalling-tactics-of-the-free-palestine-movement.html,2024-04-02T23:00:05+0000,By Bret Stephens,Opinion,
Israel Forms Unity Government and Bombs Gaza in the Wake of Hamas Attack,https://www.nytimes.com/2023/10/11/world/middleeast/israel-hamas-gaza-unity-government.html,2023-10-11T19:59:20+0000,"By Hiba Yazbek, Nicholas Casey and Patrick Kingsley",World,
What Is ‘Settler Colonialism’?,https://www.nytimes.com/2024/01/22/arts/what-is-settler-colonialism.html,2024-01-22T10:00:34+0000,By Jennifer Schuessler,Arts,
"Before the Eurovision Final, a Pro-Palestinian March",https://www.nytimes.com/2024/05/11/arts/music/eurovision-israel-palestine-protest.html,2024-05-11T17:27:54+0000,By Alex Marshall,Arts,
Israel’s Military Says 3 Rescued Hostages Were Held in Hamas Member’s Home,https://www.nytimes.com/2024/06/10/world/middleeast/israel-hostages-hamas.html,2024-06-10T22:01:44+0000,By Matthew Mpoke Bigg,World,
"Gazans Release Names of 6,747 People They Say Were Killed in Israeli Strikes",https://www.nytimes.com/2023/10/26/world/middleeast/gaza-death-toll-israel.html,2023-10-26T21:45:11+0000,By Vivian Yee,World,
"As Gaza Death Toll Mounts, the Peace Lobby Fights for Influence in Washington",https://www.nytimes.com/2024/02/16/us/politics/gaza-peace-lobby-washington.html,2024-02-16T05:01:26+0000,By Kate Kelly,U.S.,
"Iran’s Leaders Are Vulnerable, Divided and at a Crossroad on Response to Israel",https://www.nytimes.com/2024/09/29/world/middleeast/iran-hezbollah-israel-nasrallah.html,2024-09-29T04:01:29+0000,By Farnaz Fassihi,World,
Nikki Haley’s Past Stance on Israel Could Be Key to Her Campaign’s Future,https://www.nytimes.com/2023/10/15/us/politics/nikki-haley-israel-trump.html,2023-10-15T09:01:08+0000,By Charles Homans,U.S.,
"Across the Mideast, a Surge of Support for Palestinians as War Erupts in Gaza",https://www.nytimes.com/2023/10/09/world/middleeast/mideast-palestine-support-gaza.html,2023-10-09T09:02:21+0000,By Vivian Nereim,World,
"Israel Hasn’t Offered Evidence Tying Many U.N. Workers to Hamas, Review Says",https://www.nytimes.com/2024/04/22/world/middleeast/unrwa-israel-hamas-report.html,2024-04-22T16:30:08+0000,By Cassandra Vinograd and Patrick Kingsley,World,
U.N. General Assembly Backs Palestinian Membership Bid,https://www.nytimes.com/video/world/middleeast/100000009462938/un-resolution-palestine-israel.html,2024-05-10T20:35:44+0000,By UNTV via Associated Press,World,
"Palestinian Americans, Dismayed by Violence, Say Historical Context Is Being Overlooked",https://www.nytimes.com/2023/10/12/us/palestinians-reaction-israel-hamas.html,2023-10-12T14:39:50+0000,"By Mitch Smith, Lauren McCarthy, Ernesto Londoño and Miriam Jordan",U.S.,
Videos show a densely populated area of Gaza decimated by Israel’s airstrike.,https://www.nytimes.com/2023/10/31/world/middleeast/jabaliya-camp-strike-israel-gaza.html,2023-10-31T23:24:42+0000,"By Haley Willis, Christoph Koettl and Bora Erden",World,
German Police Stop Pro-Palestinian Conference,https://www.nytimes.com/video/world/europe/100000009412212/palestine-conference-berlin.html,2024-04-12T20:58:36+0000,By Anadolu Agency via Reuters,World,
Hezbollah Fires Rockets at Israel in Response to Killing in Beirut,https://www.nytimes.com/2024/01/06/world/middleeast/hezbollah-israel-lebanon-gaza-war.html,2024-01-06T11:22:38+0000,"By Patrick Kingsley, Rawan Sheikh Ahmad and Raja Abdulrahim",World,
"Israel Used 2,000-Pound Bombs in Strike on Jabaliya, Analysis Shows",https://www.nytimes.com/2023/11/03/world/middleeast/israel-bomb-jabaliya.html,2023-11-04T01:16:34+0000,"By Christoph Koettl, Ainara Tiefenthäler, Haley Willis and Alexander Cardia",World,
"Israeli Airstrikes Kill Over 20, Gazans Say, and Hit Another U.N. Building",https://www.nytimes.com/2024/07/16/world/middleeast/israel-hamas-gaza.html,2024-07-16T21:44:57+0000,"By Aaron Boxerman, Matthew Mpoke Bigg, Julian Barnes and Michael Levenson",World,
What We Get Wrong About Israel and Gaza,https://www.nytimes.com/2023/11/15/opinion/israel-gaza-facts.html,2023-11-16T02:52:07+0000,By Nicholas Kristof,Opinion,
"Israeli Strike Near Rafah Hospital Kills at Least 11, Gaza Officials Say",https://www.nytimes.com/2024/03/02/world/middleeast/rafah-hospital-strike.html,2024-03-02T22:54:24+0000,By Anushka Patil,World,
"Israeli Artist Shuts Biennale Show, Urging Cease-Fire and Hostage Release",https://www.nytimes.com/2024/04/16/arts/design/israel-pavilion-venice-biennale.html,2024-04-16T06:50:36+0000,By Alex Marshall,Arts,
Israeli Strikes on Schools Pose a Life-or-Death Choice for Civilians,https://www.nytimes.com/2024/08/10/world/middleeast/israel-schools-shelters.html,2024-08-10T16:01:12+0000,By Matthew Mpoke Bigg and Rawan Sheikh Ahmad,World,
Calls to Divest From Israel Put Students and Donors on Collision Course,https://www.nytimes.com/2024/05/03/business/brown-university-divestment-israel-gaza.html,2024-05-03T09:05:09+0000,"By Santul Nerkar, Rob Copeland and Maureen Farrell",Business Day,
Transcript: Ezra Klein Interviews Aslı Ü. Bâli,https://www.nytimes.com/2024/05/17/podcasts/transcript-ezra-klein-interviews-asli-bali.html,2024-05-17T18:38:21+0000,,Podcasts,
"Zvi Zamir, Israeli Spy Chief in a Critical Period, Dies at 98",https://www.nytimes.com/2024/01/16/world/middleeast/zvi-zamir-dead.html,2024-01-16T18:15:08+0000,By Richard Sandomir,World,
Fighting Rages Around Two Gaza Hospitals as Pressure on Israel Rises,https://www.nytimes.com/2024/03/28/world/middleeast/gaza-shifa-hospital-israel-hostages.html,2024-03-28T23:00:19+0000,"By Hiba Yazbek, Cassandra Vinograd and Rawan Sheikh Ahmad",World,
Here Are Some Prominent Palestinian Prisoners Set to Be Released,https://www.nytimes.com/2025/01/18/world/middleeast/palestine-prisoners-release-israel-hamas-ceasefire.html,2025-01-18T13:57:42+0000,By Aaron Boxerman,World,
"Israel Picks Holocaust Survivor Judge for Genocide Case, Surprising Some",https://www.nytimes.com/2024/01/08/world/middleeast/israel-gaza-genocide-case-judge-barak.html,2024-01-08T17:48:37+0000,By Isabel Kershner,World,
Democrats Have a Josh Shapiro Problem,https://www.nytimes.com/2024/08/17/opinion/josh-shapiro-democrats-israel.html,2024-08-17T11:00:29+0000,By James Kirchick,Opinion,
How Oct. 7 Upended One Man’s Diary,https://www.nytimes.com/2024/10/07/books/review/diary-of-a-crisis-saul-friedlander.html,2024-10-07T09:00:20+0000,By Ruth Margalit,Books,
German Cultural Scene Navigates a Clampdown on Criticism of Israel,https://www.nytimes.com/2023/12/07/arts/design/germany-arts-cancellations-israel-palestinians.html,2023-12-07T18:28:05+0000,By Alex Marshall,Arts,
The Most Revealing Moment From My Trip to Israel,https://www.nytimes.com/2023/11/14/opinion/israel-war-biden.html,2023-11-14T06:00:11+0000,By Thomas L. Friedman,Opinion,
Authors Withdraw From PEN World Voices Festival Over Its Response to Gaza War,https://www.nytimes.com/2024/03/15/books/booksupdate/pen-world-voices-festival-israel-gaza.html,2024-03-15T18:06:15+0000,By Alexandra Alter,Books,
How a U.N. Agency Became a Flashpoint in the Gaza War,https://www.nytimes.com/2024/09/12/magazine/unrwa-gaza-war.html,2024-09-12T09:02:29+0000,By Ben Hubbard,Magazine,
I Negotiated Israel’s Hardest Hostage Deal. Here’s What’s Next in Gaza.,https://www.nytimes.com/2023/10/21/opinion/israel-hamas-hostage.html,2023-10-21T11:00:09+0000,By Gershon Baskin,Opinion,
Read the I.C.J. ruling,https://www.nytimes.com/interactive/2024/01/26/world/middleeast/icj-gaza-provisional-ruling.html,2024-01-26T13:44:34+0000,,World,
‘Kidnapped’ Posters Express Anguish Over Israeli Hostages,https://www.nytimes.com/2023/10/16/nyregion/israeli-gaza-kidnapped-posters.html,2023-10-16T07:00:30+0000,By Katherine Rosman,New York,
Iran’s Supreme Leader Holds Emergency Meeting After Israel Attacks Lebanon,https://www.nytimes.com/2024/09/27/world/middleeast/iran-emergency-meeting-hezbollah.html,2024-09-27T22:53:23+0000,By Farnaz Fassihi,World,
Democrats’ Split Over Israel Takes Center Stage in Tense Primary Debate,https://www.nytimes.com/2024/05/13/nyregion/bowman-latimer-debate.html,2024-05-14T01:38:25+0000,By Nicholas Fandos,New York,
A G.O.P.-Linked Group’s Contradictory Ads Cast Harris as Friend and Foe of Israel,https://www.nytimes.com/2024/09/20/us/politics/trump-harris-israel-gaza-war.html,2024-09-20T17:30:11+0000,By Neil Vigdor and Katie Glueck,U.S.,
Critics Fault ‘Aggressive’ N.Y.P.D. Response to Pro-Palestinian Rally,https://www.nytimes.com/2024/05/19/nyregion/brooklyn-protest-palestinian-police.html,2024-05-19T21:47:07+0000,By Chelsia Rose Marcius and Jay Root,New York,
"Deep Under Gaza, Evidence of Cells and Hostages, Israel Says",https://www.nytimes.com/2024/01/21/world/middleeast/gaza-hamas-israel-tunnels-hostages.html,2024-01-21T16:44:40+0000,By Isabel Kershner,World,
Iranian Official Heads to Saudi Arabia as Israel Postpones U.S. Meeting,https://www.nytimes.com/2024/10/09/world/middleeast/iran-saudi-arabia-israel.html,2024-10-09T09:48:54+0000,By Ben Hubbard,World,
When ‘Decolonization’ Isn’t Just Academic Rhetoric,https://www.nytimes.com/2023/10/13/opinion/hamas-israel-land-acknowledgements.html,2023-10-13T17:30:21+0000,By Ross Douthat,Opinion,
Saudi Arabia Reiterates Support for a Palestinian State,https://www.nytimes.com/2025/02/04/us/politics/saudi-arabia-palestine-trump-gaza.html,2025-02-05T04:29:04+0000,By Qasim Nauman,U.S.,
Is This the End of Academic Freedom?,https://www.nytimes.com/2024/04/05/opinion/free-speech-academic-freedom.html,2024-04-05T09:02:29+0000,By Paula Chakravartty and Vasuki Nesiah,Opinion,
"Even With Gaza Under Siege, Some Are Imagining Its Reconstruction",https://www.nytimes.com/2024/04/28/business/gaza-economy-rebuilding.html,2024-04-28T09:01:48+0000,By Peter S. Goodman,Business Day,
Nowhere to Hide in Gaza as Israeli Onslaught Continues,https://www.nytimes.com/2023/10/10/world/middleeast/gaza-israel-airstrikes.html,2023-10-10T21:31:30+0000,By Raja Abdulrahim and Ameera Harouda,World,
Hezbollah Fired 200 Rockets at Israel. Here’s What to Know About the Escalating Tensions.,https://www.nytimes.com/2024/07/04/world/middleeast/hezbollah-israel-new-war.html,2024-07-04T04:01:35+0000,By Vivian Yee,World,
"In the West Bank, Palestinians Struggle to Adjust to a New Reality",https://www.nytimes.com/2024/02/02/world/middleeast/west-bank-palestine-israel.html,2024-02-02T10:01:51+0000,By Yara Bayoumy and Rami Nazzal,World,
Hezbollah’s Leader Says It Would Not Negotiate Peace With Israel Until War in Gaza Ends,https://www.nytimes.com/2024/01/05/world/middleeast/hezbollah-hassan-nasrallah-gaza-war-peace.html,2024-01-05T17:56:16+0000,By Euan Ward and Hwaida Saad,World,
The Backlash to Anti-Israel Protests Threatens Free Speech,https://www.nytimes.com/2023/12/04/opinion/israel-protests-free-speech.html,2023-12-05T00:00:09+0000,By Michelle Goldberg,Opinion,
Jon Stewart Takes on ‘Something Light’: Israel and Gaza,https://www.nytimes.com/2024/02/27/arts/television/jon-stewart-israel-gaza.html,2024-02-27T08:35:09+0000,By Trish Bendix,Arts,
I.C.C. Prosecutor Presses Court for Arrest Warrants for Hamas Chiefs and Israeli Leaders,https://www.nytimes.com/2024/09/10/world/middleeast/icc-warrants-hamas-netanyahu-yahya-sinwar.html,2024-09-10T20:50:37+0000,By Ephrat Livni,World,
Israeli Billboards Thanking the U.S. Have a New Face on Them: Biden’s,https://www.nytimes.com/2023/10/12/us/politics/biden-israel-palestine-trump.html,2023-10-12T22:39:24+0000,By Jonathan Weisman and Lisa Lerer,U.S.,
The Best Movie About Israel and Gaza Now Came Out 18 Years Ago,https://www.nytimes.com/2023/12/23/opinion/israel-gaza-munich.html,2023-12-23T12:00:15+0000,By Lisa Schwarzbaum,Opinion,
Release of Al-Shifa Hospital’s Director Sets Off Uproar Across Israel,https://www.nytimes.com/2024/07/02/world/middleeast/gaza-al-shifa-hospital-israel.html,2024-07-01T19:59:53+0000,By Hiba Yazbek and Ephrat Livni,World,
Amsterdam Police Arrest 5 More Men Over Antisemitic Attacks,https://www.nytimes.com/2024/11/11/world/europe/amsterdam-antisemitic-attacks-arrests.html,2024-11-11T23:01:44+0000,By Claire Moses and Jenny Gross,World,
"If Palestinian Freedom Makes You Uneasy, Ask Yourself Why",https://www.nytimes.com/2023/11/01/opinion/palestine-freedom-israel.html,2023-11-01T09:01:46+0000,By Hala Alyan and Vishakha Darbha,Opinion,
Hundreds at Harvard Protest Suspension of Pro-Palestinian Group,https://www.nytimes.com/2024/04/24/us/harvard-campus-protests.html,2024-04-24T22:07:30+0000,By Nicholas Bogel-Burroughs,U.S.,
LinkedIn Issues Warning to Site Shaming Pro-Palestinian Sentiment,https://www.nytimes.com/2023/10/22/world/middleeast/anti-israel-workers-website-linkedin.html,2023-10-22T21:26:00+0000,By Ryan Mac,World,
"While Gazans Suffer, Hamas Reaps the Benefits",https://www.nytimes.com/2023/12/09/world/middleeast/hamas-gaza-israel.html,2023-12-09T15:02:49+0000,By Ben Hubbard,World,
Israel Confirms Death of Hamas Commander Amid Funerals for 2 Senior Militants,https://www.nytimes.com/2024/08/01/world/middleeast/israel-hamas-muhammad-deif.html,2024-08-01T21:53:51+0000,"By Aaron Boxerman, Farnaz Fassihi, Euan Ward and Michael Levenson",World,
Palestinian TV Reporter and 11 Family Members Killed in Gaza,https://www.nytimes.com/2023/11/03/world/middleeast/mohammed-abu-hatab-reporter-killed-gaza.html,2023-11-03T23:43:43+0000,By Gaya Gupta,World,
The Pathways to Peace Are Getting Darker,https://www.nytimes.com/2023/10/13/opinion/israel-gaza-war-peace.html,2023-10-13T09:03:41+0000,By Dahlia Scheindlin,Opinion,
"We Know War Is Awful, So Why Is It Making a Comeback?",https://www.nytimes.com/2023/11/27/opinion/war-israel-gaza-tigray.html,2023-11-27T20:00:02+0000,By Peter Coy,Opinion,
Pager Attack Highlights Tension Between Israel’s Technical Might and Strategic Fog,https://www.nytimes.com/2024/09/19/world/middleeast/israel-hezbollah-lebanon-hamas-gaza.html,2024-09-19T13:38:31+0000,By Patrick Kingsley,World,
Protests at the Democrats’ Convention Weren’t as Big and Disruptive as Some Expected,https://www.nytimes.com/2024/08/23/us/democratic-convention-chicago-protests.html,2024-08-23T09:03:03+0000,"By Julie Bosman, Mitch Smith, Ernesto Londoño, Nicholas Bogel-Burroughs and Jon Cherry",U.S.,
Democratic Critics of Israel Draw Challengers Eyeing AIPAC’s Help,https://www.nytimes.com/2023/12/15/us/politics/aipac-israel-democrats-ilhan-omar.html,2023-12-15T10:03:50+0000,By Jonathan Weisman and Kate Kelly,U.S.,
"Washington Rallies Behind Israel, but a Lasting Consensus May Prove Elusive",https://www.nytimes.com/2023/10/09/us/politics/israel-hamas-washington-biden.html,2023-10-09T21:52:28+0000,By Peter Baker,U.S.,
The Gaza War Is Dividing the L.G.B.T.Q. Community,https://www.nytimes.com/2024/06/22/nyregion/gaza-war-lgbtq-community.html,2024-06-22T07:00:19+0000,By Liam Stack,New York,
Gaza’s Hospitals Face ‘Impossible’ Choices With Israel Evacuation Order,https://www.nytimes.com/2023/10/15/world/middleeast/israel-gaza.html,2023-10-15T22:25:37+0000,By Raja Abdulrahim,World,
Universities Face an Urgent Question: What Makes a Protest Antisemitic?,https://www.nytimes.com/2024/04/29/nyregion/college-protests-columbia-campus.html,2024-04-29T17:42:38+0000,By Katherine Rosman,New York,
"After Student Encampment Ends, New School Professors Set Up Their Own",https://www.nytimes.com/2024/05/10/nyregion/new-school-faculty-protest-encampment.html,2024-05-10T14:48:43+0000,By Lola Fadulu and Julian Roberts-Grmela,New York,
"After the hostage rescue, the U.N. says actions by both Israel and Hamas may be war crimes, and other news.",https://www.nytimes.com/2024/06/11/world/middleeast/blinken-seeks-to-press-hamas-and-israel-over-a-cease-fire-and-other-news.html,2024-06-11T07:06:13+0000,,World,
"Among American Chefs, the Israel-Hamas War Has Spread to Food",https://www.nytimes.com/2023/11/03/dining/israel-hamas-war-divides-american-chefs.html,2023-11-03T14:51:33+0000,By Kim Severson,Food,
How the Israeli Hostage Rescue Led to One of Gaza’s Deadliest Days,https://www.nytimes.com/interactive/2024/07/16/world/middleeast/israel-hostage-rescue-nuseirat.html,2024-07-16T19:29:51+0000,"By Neil Collier, Bora Erden, K.K. Rebecca Lai, Riley Mellen, Bilal Shbair, Anjali Singhvi, Ainara Tiefenthäler and Aric Toler",World,
New Video Shows Hamas Fighters Taking Israeli Soldiers Hostage,https://www.nytimes.com/2024/05/22/world/middleeast/israel-hamas-hostage-video.html,2024-05-22T18:17:06+0000,By Aaron Boxerman,World,
"Two days after the U.N. call for a cease-fire, Israeli strikes on Gaza haven’t let up.",https://www.nytimes.com/2024/03/27/world/middleeast/ceasefire-talks-gaza-strikes.html,2024-03-27T17:09:30+0000,By Adam Rasgon,World,
"Israeli Airstrikes Hit Marketplace and Mosques in Gaza, Killing Dozens",https://www.nytimes.com/2023/10/09/world/middleeast/israel-gaza-market-air-strike-jabaliya.html,2023-10-09T14:22:31+0000,By Raja Abdulrahim and Ameera Harouda,World,
South Africa Sees Its Moral Conscience in a Genocide Case,https://www.nytimes.com/2024/01/26/opinion/south-africa-israel-genocide.html,2024-01-26T06:00:06+0000,By Sean Jacobs,Opinion,
"Iran Smuggles Arms to West Bank, Officials Say, to Foment Unrest With Israel",https://www.nytimes.com/2024/04/09/world/middleeast/iran-west-bank-weapons-smuggling.html,2024-04-09T10:30:08+0000,"By Farnaz Fassihi, Ronen Bergman and Eric Schmitt",World,
‘Pandemonium’: Palestinian Americans React to Trump’s Gaza Takeover Plan,https://www.nytimes.com/2025/02/05/nyregion/trump-gaza-strip-palestinian-american.html,2025-02-05T20:39:19+0000,By Liam Stack,New York,
"After Students Target Pro-Israel Teacher, Officials Try to Quell Outrage",https://www.nytimes.com/2023/11/27/nyregion/hillcrest-high-school-jewish-teacher-protest.html,2023-11-28T00:19:39+0000,"By Troy Closson, Chelsia Rose Marcius and Wesley Parnell",New York,
Thousands Gather in Pro-Palestinian Protests Across New York City,https://www.nytimes.com/2023/11/17/nyregion/pro-palestinian-protests-new-york-city.html,2023-11-18T00:58:08+0000,"By Claire Fahy, Erin Nolan and Olivia Bensimon",New York,
Head of Palestinian Aid Agency Warns It Is at ‘Breaking Point’,https://www.nytimes.com/2024/02/23/world/middleeast/un-aid-gaza-unrwa.html,2024-02-23T15:49:22+0000,By Vivian Yee and Aaron Boxerman,World,
"Sinwar Is Dead, but a Palestinian State Seems More Distant Than Ever",https://www.nytimes.com/2024/10/21/world/middleeast/sinwar-dead-palestinian-state.html,2024-10-21T12:31:21+0000,By Steven Erlanger,World,
What to Know About the U.N. Aid Agency for Palestinians,https://www.nytimes.com/2024/01/26/world/middleeast/unrwa-aid-israel-hamas-attack.html,2024-01-26T23:42:03+0000,By Monika Pronczuk and Richard Pérez-Peña,World,
A.C.L.U. Sues DeSantis Over Crackdown on Pro-Palestinian Campus Group,https://www.nytimes.com/2023/11/16/us/palestine-student-protests-aclu-florida-lawsuit.html,2023-11-16T22:46:25+0000,By Vimal Patel,U.S.,
How the Israel-Hamas War Has Roiled TikTok Internally,https://www.nytimes.com/2024/03/28/business/tiktok-israel-hamas-war-gaza.html,2024-03-28T19:32:22+0000,By Sapna Maheshwari,Business Day,
Biden’s Support for Israel Now Comes With Words of Caution,https://www.nytimes.com/2023/10/30/us/politics/biden-israel.html,2023-10-30T20:45:26+0000,"By Michael D. Shear, David E. Sanger and Edward Wong",U.S.,
Biden Walks a Tightrope on Israel-Gaza as Democratic Tensions Smolder,https://www.nytimes.com/2023/10/18/us/politics/biden-israel-gaza-war-democrats.html,2023-10-18T09:04:08+0000,By Reid J. Epstein,U.S.,
Israel Orders Evacuation of Packed Gaza Area With 2 Major Hospitals,https://www.nytimes.com/2024/01/24/world/middleeast/israel-evacuation-hospitals-gaza-khan-younis.html,2024-01-24T10:02:04+0000,By Victoria Kim and Hiba Yazbek,World,
A Palestinian Exile Champions an Arab Vision for Gaza,https://www.nytimes.com/2024/02/14/world/middleeast/mohammed-dahlan-interview-gaza-uae.html,2024-02-14T05:01:18+0000,By Adam Rasgon and Patrick Kingsley,World,
"Review: Batsheva, and a Dance Divided",https://www.nytimes.com/2025/03/07/arts/dance/review-batsheva-ohad-naharin.html,2025-03-07T18:42:54+0000,By Brian Seibert,Arts,
"Hamas After Cease-Fire: Weakened, Isolated but Still Standing",https://www.nytimes.com/2025/01/16/world/middleeast/hamas-gaza-cease-fire-palestinian-future.html,2025-01-16T12:41:55+0000,By Adam Rasgon,World,
Abolish the U.N.’s Palestinian Refugee Agency,https://www.nytimes.com/2024/01/30/opinion/unrwa-un-palestine-agency.html,2024-01-30T19:36:24+0000,By Bret Stephens,Opinion,
"Since the War, Events About Palestinian Culture Have Been Called Off",https://www.nytimes.com/2023/10/20/arts/palestinian-events-cancelled-war.html,2023-10-20T21:30:00+0000,By Marc Tracy,Arts,
Transcript: Ezra Klein Interviews Salam Fayyad,https://www.nytimes.com/2024/02/09/podcasts/transcript-ezra-klein-interviews-salam-fayyad.html,2024-02-09T19:39:07+0000,,Podcasts,
Riding Rage Over Israel to Online Prominence,https://www.nytimes.com/2024/04/11/business/media/jackson-hinkle-israel-gaza-misinformation.html,2024-04-11T15:28:54+0000,By Steven Lee Myers and Tiffany Hsu,Business Day,
College Democrats Back Protests and Criticize Biden’s Israel Policy,https://www.nytimes.com/2024/04/30/us/politics/biden-israel-college-protest.html,2024-04-30T13:29:57+0000,By Maggie Astor,U.S.,
Israel’s Rafah Incursion Helps No One Except Netanyahu,https://www.nytimes.com/2024/05/08/opinion/israel-incursion-rafah-hamas-netanhyahu.html,2024-05-08T20:21:52+0000,By Shira Efron,Opinion,
Israeli Hostage Says She Was Sexually Assaulted and Tortured in Gaza,https://www.nytimes.com/2024/03/26/world/middleeast/hamas-hostage-sexual-assault.html,2024-03-26T16:12:26+0000,By Patrick Kingsley and Ronen Bergman,World,
What We Know About the Americans Missing or Killed in the Attack on Israel,https://www.nytimes.com/2023/10/11/us/israel-americans-missing-killed-hostage.html,2023-10-11T17:41:31+0000,"By Nicholas Bogel-Burroughs, Roni Rabin and Corey Kilgannon",U.S.,
Dozens Are Arrested in Pro-Palestinian Protest at Art Institute of Chicago,https://www.nytimes.com/2024/05/05/us/art-institute-chicago-protests-arrests.html,2024-05-05T12:23:24+0000,By Yan Zhuang,U.S.,
N.Y.P.D. Detains 34 Pro-Palestinian Protesters at Macy’s Parade,https://www.nytimes.com/2023/11/24/nyregion/macys-parade-protesters-arrested.html,2023-11-25T01:28:10+0000,By Grace Ashford,New York,
Israel: From the Six-Day War to the Six-Front War,https://www.nytimes.com/2023/10/25/opinion/israel-gaza-palestine-war.html,2023-10-26T00:26:09+0000,By Thomas L. Friedman,Opinion,
"At a Hearing on Israel, University Presidents Walked Into a Trap",https://www.nytimes.com/2023/12/07/opinion/university-presidents-antisemitism.html,2023-12-07T21:02:18+0000,By Michelle Goldberg,Opinion,
War Gives Palestinian Olympians a Wider Role: Athlete-Diplomats,https://www.nytimes.com/2024/07/31/world/olympics/palestine-athletes-olympics-paris.html,2024-07-31T04:00:17+0000,By Tariq Panja and Aaron Boxerman,World,
Amsterdam Authorities Say They Expect More Arrests Related to Violent Clashes,https://www.nytimes.com/2024/11/12/world/europe/amsterdam-israeli-soccer-attack-report.html,2024-11-12T14:17:15+0000,"By Christopher F. Schuetze, Jim Tankersley and Rosanne Kropman",World,
"Man Dies After Setting Himself on Fire Outside Israeli Embassy in Washington, Air Force Says",https://www.nytimes.com/2024/02/25/world/middleeast/israel-embassy-man-on-fire.html,2024-02-25T20:44:47+0000,By Aishvarya Kavi,World,
The Battle Over College Speech Will Outlive the Encampments,https://www.nytimes.com/2024/05/29/magazine/columbia-protests-free-speech.html,2024-05-29T09:03:32+0000,By Emily Bazelon and Charles Homans,Magazine,
Sweden and Canada to Restart Payments to U.N. Agency for Palestinians,https://www.nytimes.com/2024/03/09/world/middleeast/unrwa-canada-sweden-israel-hamas.html,2024-03-09T07:03:59+0000,By Victoria Kim,World,
The Plight of the Palestinian Scientist,https://www.nytimes.com/2024/12/10/science/palestinian-scientists-gaza-west-bank.html,2024-12-10T06:00:07+0000,By Katrina Miller,Science,
Israel Frees Gaza Hospital Chief Held Without Charges for 7 Months,https://www.nytimes.com/2024/07/01/world/middleeast/gaza-israel-shifa-hospital.html,2024-07-01T23:00:11+0000,"By Hiba Yazbek, Johnatan Reiss and Thomas Fuller",World,
"As Cease-Fire Takes Hold, Some Gazans Attempt a Treacherous Return Home",https://www.nytimes.com/2023/11/24/world/middleeast/gaza-israel-return-home.html,2023-11-24T16:51:47+0000,By Raja Abdulrahim and Ameera Harouda,World,
"As Cease-Fire Takes Hold, Some Gazans Attempt a Treacherous Return Home",https://www.nytimes.com/2023/11/24/world/middleeast/gaza-israel-return-home.html,2023-11-24T16:51:47+0000,By Raja Abdulrahim and Ameera Harouda,World,
Nan Goldin Challenges Germany on What Artists Can Say About Israel,https://www.nytimes.com/2024/11/25/arts/design/nan-goldin-germany-gaza.html,2024-11-25T19:48:12+0000,By Alex Marshall,Arts,
CUNY Removes Palestinian Studies Job Listing on Hochul’s Orders,https://www.nytimes.com/2025/02/27/nyregion/cuny-palestine-studies.html,2025-02-28T00:45:26+0000,By John Leland,New York,
Pro-Palestinian protesters heckle Blinken as he testifies on Capitol Hill.,https://www.nytimes.com/2024/05/21/world/middleeast/pro-palestinian-protesters-heckle-blinken-as-he-testified-on-capitol-hill.html,2024-05-21T17:42:54+0000,By Robert Jimison,World,
"Hamas Studies a Gaza Cease-Fire Offer From Israel, and Hints at Progress",https://www.nytimes.com/2024/05/02/world/middleeast/hamas-israel-gaza-ceasefire.html,2024-05-02T21:04:31+0000,"By Adam Rasgon, Hwaida Saad and Thomas Fuller",World,
Transcript: Ezra Klein Interviews Ta-Nehisi Coates,https://www.nytimes.com/2024/10/11/podcasts/transcript-ezra-klein-interviews-ta-nehisi-coates.html,2024-10-12T02:54:11+0000,,Podcasts,
"At France-Israel Game, Soccer Takes a Back Seat to Politics and Security",https://www.nytimes.com/2024/11/14/world/europe/france-israel-soccer-security.html,2024-11-14T20:38:00+0000,By Tariq Panja and Catherine Porter,World,
What Worries Me About the Gaza War After My Trip to Arab States,https://www.nytimes.com/2023/12/12/opinion/israel-gaza-saudi-arabia.html,2023-12-13T00:33:17+0000,By Thomas L. Friedman,Opinion,
‘Where Is the Palestinian Gandhi?’,https://www.nytimes.com/2024/05/01/magazine/issa-amro-palestinian-nonviolent-activist.html,2024-05-01T09:02:54+0000,By Nicholas Casey,Magazine,
4 Children From Gaza Arrive in U.S. for Medical Treatment,https://www.nytimes.com/2024/05/05/nyregion/gaza-children-us-hospitals.html,2024-05-05T22:28:18+0000,By Ana Ley,New York,
What We Know About the Israeli Strike That Killed 7 Aid Workers in Gaza,https://www.nytimes.com/2024/04/02/world/middleeast/world-central-kitchen-workers-strike-gaza.html,2024-04-02T12:36:57+0000,By Adam Rasgon and Aaron Boxerman,World,
How Columbia’s President Has Avoided Fallout Over Israel-Gaza Protests,https://www.nytimes.com/2023/12/28/nyregion/columbia-university-israel-protests-nemat-shafik.html,2023-12-28T08:00:28+0000,By Sharon Otterman,New York,
"After Attack on Israel, Politicians Are Asked, ‘Which Side Are You On?’",https://www.nytimes.com/2023/10/10/nyregion/palestinian-rally-times-square-israel.html,2023-10-10T21:31:30+0000,By Nicholas Fandos and Jonah E. Bromwich,New York,
A Satellite View of Israel’s New Front in Gaza,https://www.nytimes.com/interactive/2024/05/08/world/middleeast/israel-incursion-rafah-satellite-image-map.html,2024-05-08T18:52:45+0000,"By Lauren Leatherby, Bora Erden and Elena Shao",World,
Thousands Flee Northern Gaza as Israeli Evacuation Order Stirs Panic,https://www.nytimes.com/2023/10/13/world/middleeast/gaza-strip-evacuation-israel-hamas-war.html,2023-10-13T11:59:02+0000,By Raja Abdulrahim,World,
"Many are killed near a Gaza hospital, its chief says, in a strike the Israelis say was aimed at Hamas.",https://www.nytimes.com/2023/11/03/world/middleeast/al-shifa-hospital-gaza-explosion.html,2023-11-03T17:49:13+0000,By Karen Zraick and Iyad Abuheweila,World,
Pro-Palestinian Activism Marks CUNY Law Graduation Despite Speaker Ban,https://www.nytimes.com/2024/05/23/nyregion/pro-palestinian-walkout-cuny-law-ceremony.html,2024-05-23T23:44:45+0000,By Maia Coleman,New York,
Officials Condemn Protest Outside Exhibit Memorializing Oct. 7 Victims,https://www.nytimes.com/2024/06/11/arts/israel-gaza-protest-nova-exhibit.html,2024-06-11T21:34:42+0000,By Marc Tracy,Arts,
Gaza Hospitals Near Collapse as Fighting Rages Nearby,https://www.nytimes.com/2023/11/11/world/middleeast/gaza-hospitals-al-shifa-israel.html,2023-11-11T22:00:19+0000,"By Raja Abdulrahim, Ameera Harouda and Alan Yuhas",World,
Pro-Palestinian ‘Uncommitted’ Group Comes Out Firmly Against Trump,https://www.nytimes.com/2024/10/08/us/politics/palestine-uncommitted-trump.html,2024-10-08T16:20:04+0000,By Jonathan Weisman,U.S.,
"Raised in the West Bank, Shot in Vermont",https://www.nytimes.com/2024/02/28/magazine/vermont-shooting-palestinian.html,2024-02-28T10:05:29+0000,By Rozina Ali,Magazine,
Lives Ended in Gaza,https://www.nytimes.com/interactive/2024/03/02/world/middleeast/gaza-deaths.html,2024-03-02T15:59:29+0000,"By Ben Hubbard, Lauren Leatherby, Hiba Yazbek, Abu Bakr Bashir, Raja Abdulrahim and Emma Bubola",World,
What to Know About the I.C.C.’s Decision to Issue Warrants for Israeli and Hamas Leaders,https://www.nytimes.com/article/icc-arrest-warrants-israel-hamas.html,2024-05-20T13:36:26+0000,"By Emma Bubola, Charlie Savage and Matthew Mpoke Bigg",World,
Over 60 Journalists Have Been Killed in the Israel-Gaza War. My Friend Was One.,https://www.nytimes.com/2023/12/03/opinion/journalists-killed-israel-gaza.html,2023-12-03T06:00:10+0000,By Lama Al-Arian,Opinion,
Ann Arbor School Board Set to Vote on Israel-Gaza Ceasefire Resolution,https://www.nytimes.com/2024/01/17/us/ann-arbor-israel-gaza-ceasefire.html,2024-01-17T10:02:44+0000,By Dana Goldstein,U.S.,
‘I Was Very Alone Today’: Young Jewish Americans Grieve Over Israel,https://www.nytimes.com/2023/10/14/us/israel-jewish-americans-youth.html,2023-10-14T09:02:17+0000,By Marc Tracy and Campbell Robertson,U.S.,
Palestinian Authority Open to Gaza Role if U.S. Backs 2-State Solution,https://www.nytimes.com/2023/11/09/world/middleeast/palestinian-authority-gaza.html,2023-11-09T12:59:57+0000,By Mark Landler,World,
How Four Posts on Instagram Destroyed Her Life,https://www.nytimes.com/2024/11/03/magazine/israel-free-speech.html,2024-11-03T10:01:37+0000,By Jesse Barron,Magazine,
‘I Feel a Human Deterioration’,https://www.nytimes.com/2023/10/27/books/etgar-keret-israel-interview.html,2023-10-27T23:15:08+0000,By Lulu Garcia-Navarro,Books,
Social Media Users Accuse Facebook and Instagram of Suppressing Pro-Palestinian Posts,https://www.nytimes.com/2023/10/16/world/middleeast/israel-hamas-war-social-media.html,2023-10-16T19:03:45+0000,By Mike Isaac,World,
Social Media Users Accuse Facebook and Instagram of Suppressing Pro-Palestinian Posts,https://www.nytimes.com/2023/10/16/world/middleeast/israel-hamas-war-social-media.html,2023-10-16T19:03:45+0000,By Mike Isaac,World,
"Harvard, Columbia and Penn Pledge to Fight Antisemitism on Campus",https://www.nytimes.com/2023/11/10/us/harvard-columbia-antisemitism.html,2023-11-11T00:12:38+0000,"By Anemona Hartocollis, Stephanie Saul, Nicholas Fandos and Alan Blinder",U.S.,
Infants Moved From ‘Death Zone’ Hospital That Israel Says Was Hamas Hideout,https://www.nytimes.com/2023/11/19/world/middleeast/gaza-infants-evacuation-israel.html,2023-11-19T23:40:35+0000,"By Vivian Yee, Vivek Shankar, Isabel Kershner and Michael Levenson",World,
Who Is the American Jew?,https://www.nytimes.com/2024/08/20/books/review/tablets-shattered-joshua-leifer.html,2024-08-20T09:01:22+0000,By Sam Kriss,Books,
Reaction to Hamas Attack Leaves Some Jews in Hollywood Feeling Unmoored,https://www.nytimes.com/2023/10/29/business/hamas-attack-hollywood-jews.html,2023-10-29T09:01:19+0000,By Nicole Sperling and Brooks Barnes,Business Day,
Killing of Nasrallah Pushes Mideast Conflict Into New Territory,https://www.nytimes.com/2024/09/28/world/middleeast/nasrallah-israel-hezbollah-iran.html,2024-09-28T23:00:16+0000,"By Aaron Boxerman, Ronen Bergman, Patrick Kingsley and Steve Lohr",World,
"In Whitney Biennial Artwork, a Message Reveals Itself: ‘Free Palestine’",https://www.nytimes.com/2024/03/14/arts/design/whitney-biennial-art-palestinians-message-gaza.html,2024-03-14T15:58:18+0000,By Zachary Small,Arts,
"On Israel, Progressive Jews Feel Abandoned by Their Left-Wing Allies",https://www.nytimes.com/2023/10/20/us/politics/progressive-jews-united-states.html,2023-10-20T09:03:54+0000,By Jennifer Medina and Lisa Lerer,U.S.,
Palestinian Authority’s Government Submits Resignation as U.S. Calls for Change,https://www.nytimes.com/2024/02/26/world/middleeast/palestinian-authority-government-pm-resigns.html,2024-02-26T14:06:10+0000,By Patrick Kingsley,World,
A Wall Street Law Firm Wants to Define Consequences of Israel Protests,https://www.nytimes.com/2024/07/08/business/sullivan-cromwell-israel-protests.html,2024-07-08T15:09:13+0000,By Emily Flitter,Business Day,
"For Many Palestinians, the Olympics Are Easy to Root for but Hard to Actually Watch",https://www.nytimes.com/2024/07/30/world/middleeast/palestinians-gaza-olympics.html,2024-07-30T11:19:13+0000,By Rawan Sheikh Ahmad,World,
Passion but No Violence at 2 N.Y.C. Protests Over Mideast War,https://www.nytimes.com/2023/10/13/nyregion/palestine-protest-nyc-times-square.html,2023-10-13T22:06:52+0000,By Liam Stack,New York,
The Man Who Helped Redefine Campus Antisemitism,https://www.nytimes.com/2024/03/24/us/politics/kenneth-marcus-college-antisemitism-complaints.html,2024-03-24T07:00:14+0000,By Vimal Patel,U.S.,
Blinken Meets Arab Ministers in Bid to Calm Outrage Over Gaza Airstrikes,https://www.nytimes.com/2023/11/04/world/middleeast/blinken-arab-ministers-gaza-airstrikes.html,2023-11-04T23:00:18+0000,By Adam Entous and Thomas Fuller,World,
News Emmys Defend Nomination of Palestinian Journalist,https://www.nytimes.com/2024/08/20/arts/emmys-bisan-owda-gaza-al-jazeera.html,2024-08-20T22:01:28+0000,By Marc Tracy,Arts,
Antisemitic and Anti-Muslim Hate Speech Surges Across the Internet,https://www.nytimes.com/2023/11/15/technology/hate-speech-israel-gaza-internet.html,2023-11-15T15:42:03+0000,By Sheera Frenkel and Steven Lee Myers,Technology,
Universities Struggle as Pro-Palestinian Demonstrations Grow,https://www.nytimes.com/2024/04/22/us/campus-protests-arrests.html,2024-04-23T02:39:10+0000,By Alan Blinder,U.S.,
Columbia Faces Protests After Suspending 2 Pro-Palestinian Groups,https://www.nytimes.com/2023/11/15/nyregion/columbia-university-ban-student-groups-israel-hamas-war.html,2023-11-15T18:14:13+0000,By Liset Cruz and Claire Fahy,New York,
Gaza Deaths Surpass Any Arab Loss in Wars With Israel in Past 40 Years,https://www.nytimes.com/2023/12/21/world/middleeast/gaza-death-toll-palestinians.html,2023-12-21T20:02:45+0000,By Liam Stack,World,
"Cartoon of Palestinian Boy Inspires, Years After Creator’s Murder",https://www.nytimes.com/2024/05/17/arts/design/handala-palestinian-cartoon-protest.html,2024-05-17T09:02:43+0000,By Aruna D'Souza,Arts,
A Snapshot of Support for Palestinians Across America,https://www.nytimes.com/2023/11/04/us/protests-israels-gaza.html,2023-11-04T18:16:10+0000,By The New York Times,U.S.,
How the Israel-Hamas War Tore Apart Public Defenders in the Bronx,https://www.nytimes.com/2023/12/14/nyregion/bronx-defenders-israel-gaza.html,2023-12-14T08:00:21+0000,By Santul Nerkar and Jonah E. Bromwich,New York,
Democratic Donors Warn Biden Over Israel-Gaza Policy,https://www.nytimes.com/2024/03/19/us/politics/biden-donors.html,2024-03-19T20:38:23+0000,By Reid J. Epstein,U.S.,
How the Israel-Hamas War Could Shape the New York City Mayoral Race,https://www.nytimes.com/2024/08/18/nyregion/israel-gaza-lander-adams.html,2024-08-18T07:00:24+0000,By Emma G. Fitzsimmons,New York,
"For Palestinians, the Future Is Being Bulldozed",https://www.nytimes.com/2023/12/09/opinion/palestine-west-bank-war.html,2023-12-09T12:00:39+0000,By Megan K. Stack and Samar Hazboun,Opinion,
South Africa Is Not a Metaphor,https://www.nytimes.com/2024/06/01/opinion/south-africa-election-israel-apartheid.html,2024-06-01T11:12:29+0000,By Lydia Polgreen,Opinion,
"In London, a Pro-Palestinian Protest Disrupts the Launch of an American Mural",https://www.nytimes.com/2024/10/07/world/europe/london-pro-palestinian-protest-mural.html,2024-10-07T15:13:14+0000,By Mark Landler,World,
Palestinian Fighters in West Bank Seek to Emulate Hamas in Gaza,https://www.nytimes.com/2024/07/01/world/middleeast/palestinian-fighters-west-bank.html,2024-07-01T09:00:58+0000,By Steven Erlanger and Sergey Ponomarev,World,
Some Jewish Students Are Targeted as Protests Continue at Columbia,https://www.nytimes.com/2024/04/21/nyregion/columbia-protests-antisemitism.html,2024-04-22T00:27:49+0000,"By Luis Ferré-Sadurní, Colbi Edmonds and Liset Cruz",New York,
Holocaust Survivors in Israel Faced Fresh Horror When Hamas Attacked,https://www.nytimes.com/2023/11/09/world/middleeast/israel-holocaust-survivors-hamas.html,2023-11-09T10:01:41+0000,By Nadav Gavrielov,World,
Some Jewish Students Are Targeted as Protests Continue at Columbia,https://www.nytimes.com/2024/04/21/nyregion/columbia-protests-antisemitism.html,2024-04-22T00:27:49+0000,"By Luis Ferré-Sadurní, Colbi Edmonds and Liset Cruz",New York,
Can European Recognition Bring Palestinian Statehood Any Closer?,https://www.nytimes.com/2024/05/23/world/middleeast/europe-recognition-palestinian-statehood.html,2024-05-23T04:00:14+0000,By Roger Cohen,World,
"After Writing an Anti-Israel Letter, Harvard Students Are Doxxed",https://www.nytimes.com/2023/10/18/us/harvard-students-israel-hamas-doxxing.html,2023-10-18T09:03:01+0000,By Anemona Hartocollis,U.S.,
Public Schools Struggle to Say the Right Thing About the Israel-Hamas War,https://www.nytimes.com/2023/10/25/nyregion/public-schools-israel-war-hamas-gaza.html,2023-10-25T16:02:01+0000,By Troy Closson,New York,
"Silent No More, Harris Seeks Her Own Voice Without Breaking With Biden",https://www.nytimes.com/2024/07/26/us/politics/kamala-harris-gaza-biden.html,2024-07-26T23:27:52+0000,By Peter Baker,U.S.,
Sunak Clashes With Police Chief Over Planned Pro-Palestinian March,https://www.nytimes.com/2023/11/08/world/middleeast/rishi-sunak-palestinian-protest-london.html,2023-11-08T17:53:36+0000,By Megan Specia,World,
House Passes Bill to Impose Sanctions on I.C.C. Officials for Israeli Prosecutions,https://www.nytimes.com/2025/01/09/us/politics/icc-sanctions-house-israel.html,2025-01-09T18:43:28+0000,By Karoun Demirjian,U.S.,
Secret Hamas Files Show How It Spied on Everyday Palestinians,https://www.nytimes.com/2024/05/13/world/europe/secret-hamas-files-palestinians.html,2024-05-13T09:03:27+0000,By Adam Rasgon and Ronen Bergman,World,
U.N. Agency for Palestinians Imperiled by Terrorism Charges,https://www.nytimes.com/2024/01/29/world/middleeast/unrwa-israel-gaza-terrorism.html,2024-01-29T22:52:39+0000,By Patrick Kingsley and Ronen Bergman,World,
"War-Weary Iraqis Feel for Gaza, but Fear Spread of the Conflict",https://www.nytimes.com/2024/05/28/world/middleeast/gaza-war-iraq.html,2024-05-28T09:00:56+0000,By Alissa J. Rubin,World,
Indiana University Cancels Major Exhibition of Palestinian Artist,https://www.nytimes.com/2024/01/11/arts/design/indiana-university-samia-halaby-exhibition-canceled.html,2024-01-11T15:34:30+0000,By Zachary Small,Arts,
"Access to Aid in Gaza Was Dire. Now, It’s Worse.",https://www.nytimes.com/interactive/2024/05/27/world/middleeast/gaza-food-aid-crossings.html,2024-05-27T09:04:15+0000,By Amy Schoenfeld Walker and Elena Shao,World,
"Johnson Calls to End Pro-Palestinian Protests, Including by Military Means",https://www.nytimes.com/2024/04/24/us/politics/johnson-columbia-university-president-protests.html,2024-04-24T21:00:26+0000,By Annie Karni,U.S.,
Pro-Palestinian Demonstrators Block N.Y. Bridge and Tunnel Traffic,https://www.nytimes.com/2024/01/08/nyregion/palestinian-protest-holland-tunnel-brooklyn-bridge.html,2024-01-08T15:53:53+0000,By Andrew Keh and Liset Cruz,New York,
"As Fighting Intensifies in Southern Gaza, Palestinians Flee Hospital Refuge",https://www.nytimes.com/2024/01/17/world/middleeast/israel-hamas-gaza-hospital.html,2024-01-18T01:00:14+0000,"By Adam Rasgon, Aaron Boxerman and Thomas Fuller",World,
Pro-Palestinian Protesters Targeting Wall St. Denounce U.S. Veto of U.N. Cease-Fire Resolution,https://www.nytimes.com/2023/12/08/world/middleeast/protests-nyc-israel-us-cease-fire.html,2023-12-09T00:07:55+0000,By Julian Roberts-Grmela and Claire Fahy,World,
The Organizers Are Jewish. The Cause Is Palestinian. This College Won’t Be Hosting.,https://www.nytimes.com/2024/09/14/opinion/brooklyn-college-jewish-currents-gaza-war.html,2024-09-14T11:00:30+0000,By M. Gessen,Opinion,
"U.S. and Iran Battle Through Proxies, Warily Avoiding Each Other",https://www.nytimes.com/2024/01/14/world/middleeast/us-iran-mideast-war.html,2024-01-14T22:13:23+0000,"By David E. Sanger, Julian E. Barnes, Vivian Yee and Alissa J. Rubin",World,
Pro-Palestinian Protesters Resist Order to Clear Encampment at M.I.T.,https://www.nytimes.com/2024/05/06/us/mit-protests-encampment.html,2024-05-07T01:10:28+0000,By Matthew Eadie and Jenna Russell,U.S.,
Education Dept. Is Investigating Six More Colleges Over Campus Discrimination,https://www.nytimes.com/2023/12/13/us/politics/education-department-campus-discrimination.html,2023-12-13T21:05:11+0000,By Zach Montague and Tracey Tully,U.S.,
Tensions Rise at U.N.C. Chapel Hill After Dozens of Pro-Palestinian Demonstrators Are Detained,https://www.nytimes.com/2024/04/30/nyregion/unc-chapel-hill-protests.html,2024-04-30T21:11:13+0000,By Bryan Anderson,New York,
U.C.L.A. Tries to Reconcile a Week of Turbulent Events,https://www.nytimes.com/2024/05/02/us/ucla-tries-to-reconcile-a-week-of-turbulent-events.html,2024-05-02T22:09:54+0000,"By Tim Arango, Soumya Karlamangla and Corina Knoll",U.S.,
U.S. Airman’s Winding Path Ended in Self-Immolation to Protest Israel,https://www.nytimes.com/2024/02/28/us/aaron-bushnell-israel-embassy-fire.html,2024-02-28T23:42:14+0000,By Nicholas Bogel-Burroughs and Colbi Edmonds,U.S.,
"For a Raw Portrait of War, Look to Palestinian Poets",https://www.nytimes.com/2024/11/22/books/palestinian-poets.html,2024-11-22T10:01:06+0000,By Elisabeth Egan,Books,
What I’m Reading,https://www.nytimes.com/2023/11/15/world/europe/the-interpreter-what-im-reading.html,2023-11-15T15:24:03+0000,By Amanda Taub,World,
"Palestinian Authority Forms New Cabinet, but Doubts Remain About Its Independence",https://www.nytimes.com/2024/03/29/world/middleeast/palestinian-authority-cabinet.html,2024-03-28T17:30:04+0000,By Cassandra Vinograd and Adam Rasgon,World,
Netanyahu Visits Gaza as Palestinians Mourn an Attack That Officials Say Killed Dozens,https://www.nytimes.com/2023/12/25/world/europe/israel-airstrikes-gaza.html,2023-12-25T13:36:22+0000,"By Vivian Yee, Ameera Harouda, Nadav Gavrielov and Abu Bakr Bashir",World,
"Frustrated by Washington, Pro-Palestinian Activists Take Their Fight to City Hall",https://www.nytimes.com/2023/12/08/us/israel-gaza-ceasefire-local-governments.html,2023-12-08T22:26:41+0000,By Shawn Hubler and Heather Knight,U.S.,
"Cheers, Fears and ‘Le Wokisme’: How the World Sees U.S. Campus Protests",https://www.nytimes.com/2024/05/03/world/europe/campus-protests-rorschach-test.html,2024-05-03T22:06:57+0000,By Catherine Porter,World,
Major Pro-Palestinian March Staged in London as Police Ramp Up Security,https://www.nytimes.com/2023/11/11/world/europe/uk-israel-palestinian-protest.html,2023-11-11T09:15:17+0000,"By Megan Specia, Stephen Castle and Esther Bintliff",World,
"At Indiana University, Protests Only Add to a Year Full of Conflicts",https://www.nytimes.com/2024/05/02/us/indiana-university-protest-encampment.html,2024-05-02T09:05:20+0000,By Mitch Smith and Kevin Williams,U.S.,
What Pope Francis Said to Mayor Eric Adams in Rome,https://www.nytimes.com/2024/05/11/nyregion/eric-adams-pope-francis-vatican.html,2024-05-12T00:24:38+0000,By Jeffery C. Mays,New York,
What International Law Says About Trump’s Proposal to Remove Palestinians From Gaza,https://www.nytimes.com/2025/02/11/world/middleeast/international-law-trump-gaza.html,2025-02-11T18:03:50+0000,By Amanda Taub,World,
Pro-Palestinian Demonstrators Stage Sit-in at Barnard Over Expulsions,https://www.nytimes.com/2025/02/26/nyregion/barnard-college-student-sit-in.html,2025-02-27T04:21:18+0000,By Sharon Otterman,New York,
Turner Prize Goes to Jasleen Kaur Amid Pro-Palestinian Protests,https://www.nytimes.com/2024/12/03/arts/design/turner-prize-jasleen-kaur.html,2024-12-03T19:47:45+0000,By Alex Marshall,Arts,
The Two-State Platitude,https://www.nytimes.com/video/opinion/100000009149444/israel-palestine-two-state-solution.html,2023-11-13T09:50:06+0000,By Amanda Su and Adam Westbrook,Opinion,
Who Decides Penn’s Future: Donors or the University?,https://www.nytimes.com/2023/10/26/us/university-of-pennsylvania-donors-israel-hamas.html,2023-10-26T09:01:39+0000,By Stephanie Saul,U.S.,
The Whitney’s Then-and-Now Project Portrays a Changing City,https://www.nytimes.com/2024/05/22/nyregion/whitney-museum-new-york-scenes.html,2024-05-22T09:02:09+0000,By James Barron,New York,
Pro-Palestinian Activists Occupy Barnard Building for 2nd Time in Week,https://www.nytimes.com/2025/03/05/nyregion/pro-palestinian-protesters-barnard-college.html,2025-03-06T00:48:58+0000,By Sharon Otterman,New York,
Jury Convicts Landlord in Fatal Stabbing of Palestinian American Boy,https://www.nytimes.com/2025/02/28/us/illinois-palestinian-stabbing-verdict.html,2025-02-28T19:51:16+0000,By Robert Chiarito and Mitch Smith,U.S.,
"In Hate Crime Trial, Mother of Slain Palestinian American Boy Testifies",https://www.nytimes.com/2025/02/25/us/palestinian-boy-stabbing-trial-czuba-al-fayoume.html,2025-02-25T22:55:25+0000,By Mitch Smith,U.S.,
"Banning UNRWA Will Sabotage Cease-Fire, Warns Agency’s Leader",https://www.nytimes.com/video/world/middleeast/100000009933368/unrwa-ban-sabotage-gaza-ceasefire.html,2025-01-17T22:38:56+0000,By The Associated Press,World,
W.H.O. Medics Evacuate Gaza Hospital Patients,https://www.nytimes.com/video/world/middleeast/100000009332268/who-evacuates-gaza-hospital.html,2024-02-27T18:55:39+0000,By The New York Times,World,
The Fall of Penn’s President Brings Campus Free Speech to a Crossroads,https://www.nytimes.com/2023/12/14/us/college-campus-free-speech-antisemitism.html,2023-12-14T20:33:35+0000,By Vimal Patel,U.S.,
From Free Speech to Free Palestine: Six Decades of Student Protest,https://www.nytimes.com/2024/05/04/us/college-protests-free-speech.html,2024-05-04T09:03:51+0000,By Richard Fausset,U.S.,
New Training and Tougher Rules: How Colleges Are Trying to Tame Gaza Protests,https://www.nytimes.com/2024/08/24/us/universities-campus-protests-rules.html,2024-08-24T09:04:17+0000,By Alan Blinder,U.S.,
"Activists Deface Portrait of Balfour, Who Supported Jewish Homeland",https://www.nytimes.com/2024/03/08/arts/design/balfour-declaration-portrait-slashed.html,2024-03-08T18:03:33+0000,By Marc Tracy,Arts,
When Saying Nothing Is Saying Something,https://www.nytimes.com/2023/10/20/world/europe/premier-league-israel.html,2023-10-20T15:15:03+0000,By Rory Smith,World,
Stuck at Gaza’s Border With Egypt,https://www.nytimes.com/video/world/middleeast/100000009134945/gaza-border-palestine-israel.html,2023-10-16T18:18:19+0000,"By Soliman Hijjy, Sarah Kerr, Ainara Tiefenthäler and Neil Collier",World,
Police Raid U.C. San Diego Encampment and Arrest 64 Protesters,https://www.nytimes.com/2024/05/06/us/ucsd-campus-protests-arrests.html,2024-05-06T17:02:42+0000,By Nicholas Bogel-Burroughs,U.S.,
The World Needs to Stand by UNRWA,https://www.nytimes.com/2024/02/03/opinion/united-nations-unrwa-palestinians.html,2024-02-03T12:00:20+0000,By Espen Barth Eide,Opinion,
A Quick Look at Hamas,https://www.nytimes.com/2023/10/08/world/middleeast/hamas-military-gaza-explained.html,2023-10-08T08:02:04+0000,By Tiffany May,World,
Behind the Scenes of the Supreme Court,https://www.nytimes.com/2023/12/15/briefing/supreme-court-roe-dobbs.html,2023-12-15T11:49:07+0000,By Jodi Kantor,Briefing,
‘The Ezra Klein Show’ Book Recommendations (2023),https://www.nytimes.com/2024/01/25/opinion/the-ezra-klein-show-book-recommendations-2023.html,2024-01-25T20:53:19+0000,,Opinion,
‘This Is How Hamas Is Seeing This’,https://www.nytimes.com/2023/12/05/opinion/ezra-klein-podcast-tareq-baconi.html,2023-12-05T10:02:32+0000,By ‘The Ezra Klein Show',Opinion,
What Is the West Bank and Who Controls It?,https://www.nytimes.com/2024/08/28/world/middleeast/west-bank-what-where-who.html,2024-08-28T21:29:40+0000,By Aaron Boxerman,World,
‘We Cannot Kill Our Way Out of This Endeavor’,https://www.nytimes.com/2023/11/11/opinion/biden-israel-gaza.html,2023-11-11T12:00:15+0000,By Nicholas Kristof,Opinion,
Rep. Ilhan Omar’s Daughter Suspended for Involvement in Columbia Protest,https://www.nytimes.com/2024/04/18/nyregion/ilhan-omar-daughter-columbia-suspended.html,2024-04-18T18:02:07+0000,By Sharon Otterman and Anna Betts,New York,
A Show of Support for Hamas in a Rival’s Backyard,https://www.nytimes.com/2024/08/09/world/middleeast/hamas-support-west-bank-haniyeh.html,2024-08-09T09:01:29+0000,By Raja Abdulrahim,World,
Gaza is facing yet another communications blackout.,https://www.nytimes.com/2024/01/12/world/middleeast/gaza-communications-blackout-israel.html,2024-01-12T20:44:56+0000,By Anushka Patil,World,
"Does a 2-State Solution, Long Discounted, Still Have a Future?",https://www.nytimes.com/2023/11/01/world/middleeast/israel-palestine-two-state-solution.html,2023-11-01T09:03:08+0000,By Mark Landler,World,
The Two-State Platitude,https://www.nytimes.com/2023/11/13/opinion/israel-palestine-two-state-solution.html,2023-11-13T10:01:44+0000,By Amanda Su and Adam Westbrook,Opinion,
The White House condemns Rashida Tlaib’s embrace of the phrase ‘river to the sea.’,https://www.nytimes.com/2023/11/08/world/middleeast/rashida-tlaib-palestine-israel.html,2023-11-08T23:10:38+0000,By Lisa Friedman,World,
A House Is Not a Home,https://www.nytimes.com/2024/03/25/opinion/israel-palestine-homes.html,2024-03-25T09:00:08+0000,By Iman Fayyad,Opinion,
Piling Horror Upon Horror,https://www.nytimes.com/2023/10/16/opinion/israel-palestine-mass-death.html,2023-10-16T23:00:08+0000,By Michelle Goldberg,Opinion,
Netanyahu Is Turning Against Biden,https://www.nytimes.com/2024/01/19/opinion/israel-war-netanyahu.html,2024-01-19T17:16:47+0000,By Thomas L. Friedman,Opinion,
Pick a Side. Pick a Side. Pick a Side. Now.,https://www.nytimes.com/2023/10/25/opinion/israel-palestine-social-media.html,2023-10-25T09:03:44+0000,"By Zach Goldbaum, Alex Kingsbury and Alexander Stockton",Opinion,
Top U.S. Envoy Makes Rare Trip to Gaza Strip to Bolster Cease-Fire,https://www.nytimes.com/2025/01/29/world/middleeast/israel-gaza-witkoff-visit.html,2025-01-29T12:56:23+0000,"By Lara Jakes, Adam Rasgon and Thomas Fuller",World,
Pick a Side. Pick a Side. Pick a Side. Now.,https://www.nytimes.com/video/opinion/100000009145232/israel-palestine-social-media.html,2023-10-25T08:50:07+0000,"By Zach Goldbaum, Alex Kingsbury and Alexander Stockton",Opinion,
Biden’s Small Win — and Bigger Failure — in the Middle East,https://www.nytimes.com/2024/04/21/opinion/international-world/bidens-win-failure-middle-east.html,2024-04-21T13:00:32+0000,By Trita Parsi,Opinion,
Intense Protests Again Shut Down Midtown Manhattan Streets,https://www.nytimes.com/2023/11/09/nyregion/protests-israel-hamas-palestinians-nyc.html,2023-11-10T00:24:26+0000,By Claire Fahy and Camille Baker,New York,
Why Oslo Still Has Relevance,https://www.nytimes.com/2023/10/30/opinion/oslo-accords-history.html,2023-10-30T23:48:54+0000,By Serge Schmemann,Opinion,
Inside the Week That Shook Columbia University,https://www.nytimes.com/2024/04/23/nyregion/columbia-university-campus-protests.html,2024-04-23T18:11:26+0000,By Nicholas Fandos and Sharon Otterman,New York,
"Five Miles and a World Apart, Younger Activists Dream of a New Peace Process",https://www.nytimes.com/2023/11/16/world/middleeast/israel-palestinians-new-peace-plans.html,2023-11-16T05:01:26+0000,By Mark Landler,World,
Columbia Protesters Rename Hamilton Hall to ‘Hind’s Hall’,https://www.nytimes.com/2024/04/30/nyregion/columbia-protesters-hind-rajab-hamilton-hall.html,2024-04-30T14:02:01+0000,By Ali Watkins,New York,
It Can Be Lonely to Have a Middle-of-the Road Opinion on the Middle East,https://www.nytimes.com/2024/12/22/us/gaza-war-campuses-middle-ground.html,2024-12-22T10:00:34+0000,By Sharon Otterman,U.S.,
Fighting Flares Anew in Gaza as Hamas Regroups,https://www.nytimes.com/2024/05/12/world/middleeast/israel-hamas-gaza.html,2024-05-12T22:19:23+0000,"By Liam Stack, Aaron Boxerman and Eric Nagourney",World,
1948,https://www.nytimes.com/2023/11/03/podcasts/the-daily/israel-palestine-1948.html,2023-11-03T10:00:05+0000,"By Michael Barbaro, Will Reid, Rikki Novetsky, Rob Szypko, Paige Cowett, Lisa Chow, Elisheba Ittoop, Dan Powell, Marion Lozano, Sophia Lanman and Chris Wood",Podcasts,
Family of American Slain in the West Bank Demands an Independent Inquiry,https://www.nytimes.com/2024/09/07/world/middleeast/american-slain-west-bank-eygi.html,2024-09-07T17:52:04+0000,By Liam Stack and Ephrat Livni,World,
"Missing 6-Year-Old and Rescue Team Found Dead in Gaza, Aid Group Says",https://www.nytimes.com/2024/02/10/world/middleeast/hind-rajab-gaza.html,2024-02-10T14:15:18+0000,By Raja Abdulrahim,World,
U.S. Cities Bolster Security After Hamas Calls for Day of Protest,https://www.nytimes.com/2023/10/13/world/middleeast/us-israel-hamas-protests-security.html,2023-10-13T16:07:25+0000,By Colbi Edmonds and Corey Kilgannon,World,
Antisemitic and Islamophobic Incidents Surge in Australia,https://www.nytimes.com/2023/11/06/world/middleeast/antisemitic-islamophobic-incidents-australia-israel-war.html,2023-11-06T12:01:11+0000,By Natasha Frost,World,
"In response to protests, Brandeis invited students to transfer to its campus.",https://www.nytimes.com/2024/04/24/us/brandeis-protests-jewish-students.html,2024-04-24T19:07:07+0000,By Dana Goldstein,U.S.,
Bella Hadid Responds to Backlash Over Adidas Ad Campaign,https://www.nytimes.com/2024/07/30/style/bella-hadid-adidas-ad-olympics.html,2024-07-30T21:43:14+0000,By Gina Cherelus,Style,
A Biden Doctrine for the Middle East Is Forming. And It’s Big.,https://www.nytimes.com/2024/01/31/opinion/biden-iran-israel.html,2024-01-31T22:38:19+0000,By Thomas L. Friedman,Opinion,
"For Mideast Foes, Diplomacy Takes a Back Seat to Military Force",https://www.nytimes.com/2024/09/22/world/middleeast/mideast-diplomacy-hezbollah-israel.html,2024-09-22T09:02:13+0000,By Lara Jakes,World,
Penn Trustees Meeting Is Cut Short After Students Protest Over War in Gaza,https://www.nytimes.com/2024/03/01/us/upenn-student-protest-gaza.html,2024-03-01T21:01:33+0000,By Stephanie Saul,U.S.,
Why the Campus Protests Are So Troubling,https://www.nytimes.com/2024/05/08/opinion/campus-protests-gaza.html,2024-05-08T09:07:18+0000,By Thomas L. Friedman,Opinion,
"‘No Other Land,’ Whose Politics Deterred Distributors, Wins Best Documentary",https://www.nytimes.com/2025/03/02/movies/no-other-land-oscars-documentary.html,2025-03-03T02:27:29+0000,By Marc Tracy,Movies,
Biden says ‘the chances are real’ that the pause could open the door to a longer cease-fire.,https://www.nytimes.com/2023/11/24/us/politics/biden-israel-hostages-release.html,2023-11-24T20:59:24+0000,By Lisa Friedman,U.S.,
The ‘Cease-Fire Now’ Imposture,https://www.nytimes.com/2023/11/21/opinion/ceasefire-israel-gaza.html,2023-11-21T21:42:03+0000,By Bret Stephens,Opinion,
I Am Gaza City’s Mayor. Our Lives and Culture Are in Rubble.,https://www.nytimes.com/2023/12/24/opinion/gaza-city-palestine-war.html,2023-12-24T14:00:25+0000,By Yahya R. Sarraj,Opinion,
Vandals Deface Harvard Statue and U. of Michigan Leaders’ Homes,https://www.nytimes.com/2024/10/08/us/oct-7-pro-palestinian-protests-vandalism.html,2024-10-08T19:28:59+0000,By Anemona Hartocollis,U.S.,
"For Netanyahu, Gaza Dispute With Biden Offers Risk and Reward",https://www.nytimes.com/2023/12/13/world/middleeast/netanyahu-biden-israel-hamas-war.html,2023-12-13T20:56:39+0000,By Patrick Kingsley,World,
Antiwar Protest Camp in Dublin Is Dismantled After College Agrees to Divest,https://www.nytimes.com/2024/05/08/world/europe/ireland-trinity-college-protests.html,2024-05-08T22:22:44+0000,By Ed O'Loughlin,World,
Mahmoud Abbas Must Go,https://www.nytimes.com/2023/12/21/opinion/palestine-leadership-war-israel.html,2023-12-21T10:01:23+0000,By Samer Sinijlawi,Opinion,
Nowhere to Go: How Gaza Became a Mass Death Trap,https://www.nytimes.com/2024/10/07/world/middleeast/gaza-civilians-deaths-israel-war.html,2024-10-07T09:03:36+0000,By Mark Landler,World,
"With Fuel Scarce, U.N. Aid Group in Desperate Gaza May Scale Back",https://www.nytimes.com/2023/10/25/world/middleeast/gaza-shortages-un.html,2023-10-25T20:48:51+0000,By Monika Pronczuk,World,
The War Comes to Stanford,https://www.nytimes.com/2023/10/13/opinion/stanford-israel-hamas-gaza.html,2023-10-13T17:25:17+0000,By Pamela Paul,Opinion,
"Rashida Tlaib, Censured by the House, Is Praised and Condemned at Home",https://www.nytimes.com/2023/11/13/us/politics/rashida-tlaib-palestine-israel.html,2023-11-13T18:35:08+0000,By Charles Homans,U.S.,
"In a World Changed by Oct. 7, Hatred Is Winning",https://www.nytimes.com/2024/10/07/world/middleeast/israel-palestinians-war.html,2024-10-07T09:15:20+0000,By Roger Cohen,World,
"Frustrated by Gaza Coverage, Student Protesters Turn to Al Jazeera",https://www.nytimes.com/2024/05/12/business/media/al-jazeera-college-protests-gaza.html,2024-05-12T09:02:13+0000,By Santul Nerkar,Business Day,
A New Chapter for a Checkered Scarf,https://www.nytimes.com/2023/11/09/style/kaffiyeh-palestine-israel-hamas-war.html,2023-11-09T17:00:18+0000,By Sadiba Hasan,Style,
University of California Could Bar Political Speech on Some Web Pages,https://www.nytimes.com/2024/03/20/us/university-of-california-israel-gaza-political-speech.html,2024-03-20T10:56:41+0000,By Vimal Patel,U.S.,
"On Elite Campuses, a New Protest Demand: Unwavering Support",https://www.nytimes.com/2023/10/20/nyregion/college-protest-israel-palestine.html,2023-10-20T07:00:15+0000,By Ginia Bellafante,New York,
Protesters Block Roads Across the U.S. to Support Those in Gaza,https://www.nytimes.com/2024/04/15/world/middleeast/ceasefire-palestine-gaza-protest.html,2024-04-15T20:02:10+0000,By Colbi Edmonds,World,
"In Letter, 540 Jewish Columbia Students Defend Zionism, Condemn Protests",https://www.nytimes.com/2024/05/09/nyregion/columbia-university-jewish-students-letter.html,2024-05-09T16:59:27+0000,By Sharon Otterman,New York,
Ann Arbor School Board Passes Resolution Supporting Cease-Fire in Gaza,https://www.nytimes.com/2024/01/18/us/ann-arbor-school-board-gaza-israel.html,2024-01-18T06:33:08+0000,By Dana Goldstein,U.S.,
N.Y.U. Says It Will Discipline Students Who Remain in Encampment,https://www.nytimes.com/2024/04/29/nyregion/nyu-protest-encampment.html,2024-04-29T21:45:51+0000,By Maia Coleman and Lola Fadulu,New York,
"Ismail Haniyeh, a Top Hamas Leader, Is Dead at 62",https://www.nytimes.com/2024/07/31/world/middleeast/ismail-haniyeh-dead.html,2024-07-31T06:37:56+0000,By Raja Abdulrahim and Ephrat Livni,World,
"As Anger Grows Over Gaza, Arab Leaders Crack Down on Protests",https://www.nytimes.com/2024/04/29/world/middleeast/gaza-arab-protests-crackdown.html,2024-04-29T04:01:29+0000,"By Vivian Yee, Vivian Nereim and Emad Mekay",World,
These Are the Major Obstacles to Trump’s Gaza Plan,https://www.nytimes.com/2025/02/05/world/europe/trump-gaza-explainer.html,2025-02-05T19:17:10+0000,"By Peter Baker, Patrick Kingsley, Amanda Taub, Qasim Nauman, Lara Jakes, Aaron Boxerman, Michael Crowley and Cassandra Vinograd",World,
Plans for Gaza’s ‘Day After’ Seem Ever Distant,https://www.nytimes.com/2024/01/25/world/europe/gaza-peace-plans-day-after.html,2024-01-25T17:18:38+0000,By Steven Erlanger,World,
Sinwar’s Death Is a Tricky Opportunity,https://www.nytimes.com/2024/10/18/opinion/yahya-sinwar-hamas-death.html,2024-10-18T18:27:50+0000,By Bret Stephens,Opinion,
How Biden Has Gotten in the Way of Fighting Starvation in Gaza,https://www.nytimes.com/2024/07/03/opinion/biden-gaza-unrwa.html,2024-07-03T23:00:13+0000,By Nicholas Kristof,Opinion,
"At Columbia, Student Protesters Say They Were Attacked With Chemicals",https://www.nytimes.com/2024/01/22/nyregion/palestinian-protest-columbia-university.html,2024-01-23T03:11:39+0000,By Gaya Gupta,New York,
A Cheat Sheet to the Middle East’s Web of Friends and Enemies,https://www.nytimes.com/interactive/2024/04/20/opinion/a-visual-guide-to-the-middle-east.html,2024-04-20T11:00:45+0000,By Daniel Levy,Opinion,
"For Campus Protesters in Brussels, Familiar Methods, but Different Outcomes",https://www.nytimes.com/2024/06/16/world/europe/campus-protest-belgium-gaza.html,2024-06-16T09:00:34+0000,By Matina Stevis-Gridneff,World,
"In Gazan Neighborhood Hit by Airstrikes, Death and Despair Reign",https://www.nytimes.com/2023/11/01/world/middleeast/gaza-jabaliya-israel-airstrike.html,2023-11-01T22:18:11+0000,By Karen Zraick and Hiba Yazbek,World,
Where Antisemitism and Anti-Zionism Collide,https://www.nytimes.com/2024/03/11/opinion/antisemitism-vs-anti-zionism.html,2024-03-12T00:15:17+0000,By Michelle Goldberg,Opinion,
Where Antisemitism and Anti-Zionism Collide,https://www.nytimes.com/2024/03/11/opinion/antisemitism-vs-anti-zionism.html,2024-03-12T00:15:17+0000,By Michelle Goldberg,Opinion,
"As War Looms Over Mideast, Saudi Arabia Tries to Keep the Music Going",https://www.nytimes.com/2023/10/26/world/middleeast/saudi-arabia-israel-hamas-gaza-war.html,2023-10-26T17:08:03+0000,"By Vivian Nereim, Kate Kelly and Ahmed Al Omran",World,
What I’m Thinking About on the First Anniversary of the War,https://www.nytimes.com/2024/10/07/opinion/oct-7-anniversary-israel-hamas.html,2024-10-07T05:00:17+0000,By Thomas L. Friedman,Opinion,
"In Berkeley Public Schools, a War Gives Rise to Unusual Tensions",https://www.nytimes.com/2024/05/07/us/berkeley-schools-israel-hamas-war.html,2024-05-07T09:03:44+0000,By Kurt Streeter,U.S.,
Gaza Rescuers Go Missing on Mission to Save Girl Trapped in a Car,https://www.nytimes.com/2024/02/03/world/middleeast/hind-rajab-gaza-rescue.html,2024-02-03T17:15:29+0000,By Raja Abdulrahim,World,
Penn’s Leadership Under Fire From Prominent Donors,https://www.nytimes.com/2023/10/13/us/university-of-pennsylvania-israel-palestine.html,2023-10-13T23:38:59+0000,By Stephanie Saul,U.S.,
‘No More Safe Places in Gaza’: Evacuees Face Airstrikes in North and South,https://www.nytimes.com/2023/10/17/world/middleeast/gaza-evacuees-israel-airstrikes.html,2023-10-17T18:25:57+0000,"By Nicholas Casey, Monika Pronczuk and Aaron Boxerman",World,
"Two More Journalists Killed in Gaza, Including Son of Al Jazeera Reporter",https://www.nytimes.com/2024/01/07/world/middleeast/journalists-gaza-al-jazeera-reporter-son.html,2024-01-07T14:46:24+0000,By Vivian Yee and Ameera Harouda,World,
Trump Says He May Cut Aid to Jordan and Egypt if They Don’t Take Gazans,https://www.nytimes.com/2025/02/10/us/politics/trump-jordan-egypt-gaza-development.html,2025-02-11T00:03:12+0000,By Zolan Kanno-Youngs and Shawn McCreesh,U.S.,
Police Arrest 13 After Protesters Occupied Stanford President’s Office,https://www.nytimes.com/2024/06/05/us/stanford-protest-israel-gaza.html,2024-06-05T15:23:50+0000,By Heather Knight,U.S.,
The Hate That Doesn’t Know Its Own Name,https://www.nytimes.com/2023/11/14/opinion/antisemitism-israel-lipstadt.html,2023-11-15T00:00:08+0000,By Bret Stephens,Opinion,
"Netanyahu, Defiant, Appears to Have Gone Rogue, Risking a Regional War",https://www.nytimes.com/2024/08/02/world/europe/israel-defiant-gaza-war.html,2024-08-02T16:12:38+0000,By Steven Erlanger,World,
"As U.S. Rushes to Build Gaza Port, Major Challenges Loom",https://www.nytimes.com/2024/03/09/world/middleeast/us-gaza-aid-port-israel.html,2024-03-09T19:50:38+0000,By Aaron Boxerman and Victoria Kim,World,
"At Berkeley, a Protest at a Dean’s Home Tests the Limits of Free Speech",https://www.nytimes.com/2024/04/12/us/uc-berkeley-palestinian-protest-free-speech.html,2024-04-12T18:21:43+0000,By Vimal Patel,U.S.,
Multiple past attempts to broker unity have failed.,https://www.nytimes.com/2024/07/23/world/middleeast/fatah-hamas-china-statement.html,2024-07-23T12:13:25+0000,By Adam Rasgon and Alexandra Stevenson,World,
Hamas Elevates Gaza Leader Who Planned Oct. 7 Attacks to Top Post,https://www.nytimes.com/2024/08/06/world/middleeast/hamas-yahya-sinwar-promoted.html,2024-08-06T22:52:42+0000,"By Adam Rasgon, Aaron Boxerman, Euan Ward and Michael Levenson",World,
Dignified burials have become another casualty in Gaza.,https://www.nytimes.com/2024/01/07/world/middleeast/dignified-burials-have-become-another-casualty-in-gaza.html,2024-01-07T07:35:06+0000,By Raja Abdulrahim,World,
Why the World’s Biggest Powers Can’t Stop a Middle East War,https://www.nytimes.com/2024/09/29/world/middleeast/middle-east-war-peace-nasrallah.html,2024-09-29T09:04:37+0000,By Roger Cohen,World,
Nearly Half of Gaza’s Population Displaced in Humanitarian Crisis,https://www.nytimes.com/2023/10/14/world/middleeast/gaza-palestinians-displaced.html,2023-10-14T15:08:44+0000,By Raja Abdulrahim,World,
Two Hospitals in Southern Gaza Are Left Barely Functioning,https://www.nytimes.com/2024/02/19/world/middleeast/israel-gaza-hospitals.html,2024-02-19T20:31:24+0000,By Vivian Yee,World,
The War in Gaza Turned This Longtime Michigan Democrat Against Biden,https://www.nytimes.com/2024/02/26/us/politics/israel-gaza-biden-michigan-democrats.html,2024-02-26T10:06:01+0000,By Jennifer Medina,U.S.,
"Taking Cues From Students, U.C.L.A. Faculty Members Join the Protests",https://www.nytimes.com/2024/05/02/us/columbia-protests-professors-support.html,2024-05-02T23:59:30+0000,By Anemona Hartocollis,U.S.,
Xi-Schumer Meeting Raises Hopes of Smoother U.S.-China Relations,https://www.nytimes.com/2023/10/09/world/asia/xi-schumer-meeting-china-us.html,2023-10-09T13:56:47+0000,By David Pierson and Vivian Wang,World,
"Ta-Nehisi Coates Returns to the Political Fray, Calling Out Injustice",https://www.nytimes.com/2024/09/29/books/review/ta-nehisi-coates-the-message.html,2024-09-29T09:02:39+0000,By Jennifer Szalai,Books,
Sanitation Crisis in Gaza Spreads Disease,https://www.nytimes.com/2024/02/24/world/middleeast/gaza-sanitation-crisis.html,2024-02-24T10:02:13+0000,By Raja Abdulrahim,World,
This Is Who Kamala Harris Fails,https://www.nytimes.com/2024/08/28/opinion/kamala-harris-gaza-israel-war.html,2024-08-28T09:06:45+0000,By Hala Alyan,Opinion,
University of Wisconsin-Milwaukee and Protesters Agree to End Encampment,https://www.nytimes.com/2024/05/12/us/university-wisconsin-milwaukee-protests-encampment.html,2024-05-13T05:43:45+0000,By Dan Simmons,U.S.,
"In Michigan, Muslim and Arab American Voters Reconsider Support for Biden",https://www.nytimes.com/2023/10/28/us/michigan-democrats-biden-palestinian.html,2023-10-28T13:16:53+0000,By Julie Bosman and Ernesto Londoño,U.S.,
"On Columbia’s Lawn, the Curtain Rises on a Day of Political Theater",https://www.nytimes.com/2024/04/24/nyregion/gaza-campus-protests-columbia-university.html,2024-04-24T23:16:35+0000,By Andy Newman,New York,
"In Campus Protests Over Gaza, Echoes of Outcry Over Vietnam",https://www.nytimes.com/2023/12/24/us/gaza-vietnam-student-protest.html,2023-12-24T10:01:43+0000,By Michael Wines,U.S.,
"Hamas Rejects Cease-Fire Proposal, Dashing Biden’s Hopes of Near-Term Deal",https://www.nytimes.com/2024/02/27/world/middleeast/biden-israel-hamas-cease-fire.html,2024-02-28T00:00:15+0000,"By Aaron Boxerman, Hwaida Saad, Raja Abdulrahim and Michael Levenson",World,
"‘I Love You. I Am Sorry’: One Jew, One Muslim and a Friendship Tested by War",https://www.nytimes.com/2023/10/21/us/jewish-muslim-communities-israel-hamas-war.html,2023-10-21T09:02:27+0000,By Kurt Streeter,U.S.,
Harvard Task Forces Find Climate of Bias for Both Jewish and Muslim Groups,https://www.nytimes.com/2024/06/26/us/harvard-antisemitism-muslim-bias.html,2024-06-26T17:52:06+0000,By Anemona Hartocollis,U.S.,
How a 6-Second Video Turned a Campus Protest Into a National Firestorm,https://www.nytimes.com/2023/12/18/nyregion/cooper-union-pro-palestinian-protest.html,2023-12-18T08:00:29+0000,By Sharon Otterman,New York,
Phone and Internet Service in Gaza Is Down for a Seventh Day,https://www.nytimes.com/2024/01/17/world/middleeast/gaza-telecom-blackout.html,2024-01-17T16:34:34+0000,By Anushka Patil and Adam Rasgon,World,
"At Brown, a Rare Agreement Between Administrators and Protesters",https://www.nytimes.com/2024/04/30/us/brown-divestment-deal.html,2024-04-30T22:30:55+0000,By Jacey Fortin,U.S.,
The Horror Show of Hamas Must End Now,https://www.nytimes.com/2025/02/11/opinion/trump-hamas-gaza-israel.html,2025-02-11T22:00:04+0000,By Bret Stephens,Opinion,
"Watching ‘Shoah’ in Berlin, 80 Years After Auschwitz",https://www.nytimes.com/2025/02/17/movies/shoah-berlin-film-festival-claude-lanzmann.html,2025-02-17T17:36:09+0000,By Beatrice Loayza,Movies,
A Chill Has Been Cast Over the Book World,https://www.nytimes.com/2023/10/18/opinion/frankfurt-palestine-war-israel.html,2023-10-18T09:03:53+0000,By Pamela Paul,Opinion,
6 Inaccurate Claims Trump Has Used to Justify His Flurry of Orders,https://www.nytimes.com/2025/02/06/us/politics/trump-executive-orders-fact-check.html,2025-02-06T10:01:50+0000,By Linda Qiu and Jamie Leventhal,U.S.,
A Common Link in Mideast Conflicts: Iran and Its Proxies,https://www.nytimes.com/2024/03/29/world/middleeast/iran-syria-strike-proxies.html,2024-03-29T12:48:46+0000,By Cassandra Vinograd,World,
Netanyahu Orders Evacuation Plan for City Where a Million Gazans Shelter,https://www.nytimes.com/2024/02/09/world/middleeast/israel-netanyahu-military-rafah.html,2024-02-10T00:00:51+0000,"By Aaron Boxerman, Iyad Abuheweila, Hiba Yazbek and Michael Levenson",World,
Federal Civil Rights Investigation Opened Into Antisemitism at Harvard,https://www.nytimes.com/2023/11/29/us/harvard-antisemitism-civil-rights-investigation.html,2023-11-29T21:45:10+0000,By Anemona Hartocollis,U.S.,
The Rescuers,https://www.nytimes.com/2023/11/22/opinion/israel-palestinians-arabs.html,2023-11-22T05:01:32+0000,By Thomas L. Friedman,Opinion,
Scenes of Protests at College Campuses,https://www.nytimes.com/2024/04/22/nyregion/college-campus-protests-photos-yale-columbia.html,2024-04-22T19:14:44+0000,By The New York Times and Troy Closson,New York,
"Frozen U.S. Spending for U.N. in Gaza Is Minimal, State Dept. Says",https://www.nytimes.com/2024/01/30/us/politics/aid-gaza-israel.html,2024-01-31T00:44:21+0000,By Michael Crowley,U.S.,
"War Intensifies in Southern Gaza, Where Civilians Say No Place Is Safe",https://www.nytimes.com/2023/12/05/world/middleeast/israel-hamas-gaza-khan-younis.html,2023-12-06T00:00:19+0000,"By Matthew Mpoke Bigg, Ben Hubbard and Michael Levenson",World,
San Francisco Jewish Museum Has a Blank Space for Dissenting Artists,https://www.nytimes.com/2024/06/06/arts/design/sanfrancisco-jewish-museum-blank.html,2024-06-06T09:04:14+0000,By Marc Tracy,Arts,
Starvation Is Stalking Gaza’s Children,https://www.nytimes.com/2024/02/29/opinion/gaza-israel-palestinians-starvation.html,2024-02-29T10:03:23+0000,By Megan K. Stack,Opinion,
"U.N. Shelter in Besieged Khan Younis Is Struck, and at Least 9 Die",https://www.nytimes.com/2024/01/24/world/middleeast/israel-gaza-shelter-strike.html,2024-01-25T01:00:16+0000,"By Hiba Yazbek, Ameera Harouda and Michael Levenson",World,
A Whisperer to the Stars on the Middle East Conflict,https://www.nytimes.com/2024/11/02/business/media/hen-mazzig-hollywood-israel-gaza.html,2024-11-02T09:00:41+0000,By Nicole Sperling,Business Day,
"As Gaza Losses Mount Under Strikes, Dignified Burials Are Another Casualty",https://www.nytimes.com/2024/01/06/world/middleeast/gaza-israel-burials-deaths.html,2024-01-06T10:00:29+0000,"By Raja Abdulrahim, Samar Abu Elouf and Yousef Masoud",World,
‘God Is Under the Rubble in Gaza’: Bethlehem’s Subdued Christmas,https://www.nytimes.com/2023/12/23/world/middleeast/israel-gaza-bethlehem-christmas.html,2023-12-23T13:12:29+0000,By Yara Bayoumy and Samar Hazboun,World,
"Half of Gazans Are at Risk of Starving, U.N. Warns",https://www.nytimes.com/2024/01/01/world/middleeast/gaza-israel-hunger.html,2024-01-01T05:01:23+0000,"By Liam Stack, Gaya Gupta and Abu Bakr Bashir",World,
New York City Schools Will Teach About Antisemitism and Islamophobia,https://www.nytimes.com/2024/01/22/nyregion/nyc-schools-antisemitism-islamophobia-education.html,2024-01-22T22:14:18+0000,By Troy Closson,New York,
"As Seinfeld Receives Honorary Degree at Duke, Students Walk Out in Protest",https://www.nytimes.com/2024/05/12/us/jerry-seinfeld-duke-students-walk-out-protest.html,2024-05-12T15:41:02+0000,By Eduardo Medina and Emily Cataneo,U.S.,
Nervous Democrats Press Biden on Gaza Ahead of State of the Union,https://www.nytimes.com/2024/03/07/us/politics/biden-gaza.html,2024-03-07T10:05:52+0000,By Jonathan Weisman,U.S.,
Harris Says Hamas Leader’s Killing Offers Chance to End Gaza War,https://www.nytimes.com/2024/10/17/us/politics/harris-yahya-sinwar-hamas-israel-gaza.html,2024-10-17T18:32:07+0000,By Katie Rogers and Reid J. Epstein,U.S.,
Six Members of My Family Are Hostages in Gaza. Does Anyone Care?,https://www.nytimes.com/2023/11/05/opinion/israel-palestinians-hostage-silence.html,2023-11-05T14:00:14+0000,By Alana Zeitchik,Opinion,
Columbia President Is Next to Be Grilled About Antisemitism by Congress,https://www.nytimes.com/2024/04/16/nyregion/columbia-university-congress-antisemitism-hearing.html,2024-04-16T07:00:10+0000,By Sharon Otterman,New York,
"In Trump’s Cross Hairs Over Taking Gazans, Egypt and Jordan Try Diversion",https://www.nytimes.com/2025/02/12/world/middleeast/trump-gaza-egypt-jordan.html,2025-02-12T11:20:30+0000,By Vivian Yee and Alissa J. Rubin,World,
Students Walk Out in Protest at Harvard Commencement,https://www.nytimes.com/2024/05/23/us/harvard-graduation-protests-antisemitism.html,2024-05-23T09:04:48+0000,"By Maya Shwayder, Jenna Russell and Anemona Hartocollis",U.S.,
Protesters Denounce Netanyahu’s Speech to Congress and Some Clash With Police,https://www.nytimes.com/2024/07/24/world/middleeast/netanyahu-speech-protests-congress.html,2024-07-24T17:52:26+0000,"By Maya C. Miller, Robert Jimison and Luke Broadwater",World,
Ralph Nader Assails Law Firm’s Vow to Exclude Some Campus Protesters,https://www.nytimes.com/2024/07/30/business/sullivan-cromwell-israel-protests.html,2024-07-30T21:39:07+0000,By Emily Flitter,Business Day,
Police Clear Tents and Arrest N.Y.U. and New School Protesters,https://www.nytimes.com/2024/05/03/us/nyu-new-school-protest-arrests.html,2024-05-03T15:38:06+0000,"By Maia Coleman, Olivia Bensimon and Bernard Mokam",U.S.,
Dave Chappelle and the Perils of Button-Pushing Comedy,https://www.nytimes.com/2023/10/26/arts/television/dave-chappelle-button-pushing-comedy.html,2023-10-26T21:02:32+0000,By Jason Zinoman,Arts,
Candidates Accuse Student Protesters of ‘Siding With Hamas’,https://www.nytimes.com/2023/11/08/us/politics/israel-college-campuses-hamas.html,2023-11-09T03:13:22+0000,By Anjali Huynh,U.S.,
"6-Year-Old Boy Fatally Stabbed in Anti-Muslim Attack, Authorities Say",https://www.nytimes.com/2023/10/15/us/muslim-boy-stabbed-landlord-chicago.html,2023-10-15T21:05:32+0000,"By Johnny Diaz, Mitch Smith and Robert Chiarito",U.S.,
"As Revelers Gather for the New Year’s Eve Ball Drop, N.Y.C. Officials Are on Alert",https://www.nytimes.com/2023/12/29/nyregion/new-years-eve-times-square-security.html,2023-12-29T21:55:27+0000,By Hurubie Meko and Chelsia Rose Marcius,New York,
Nicole Eisenman at the Tipping Point,https://www.nytimes.com/2024/09/07/arts/design/nicole-eisenman-fixed-crane.html,2024-09-07T09:00:39+0000,By Zachary Small and Mark Sommerfeld,Arts,
"As Gazans Scrounge for Food and Water, Hamas Sits on a Rich Trove of Supplies",https://www.nytimes.com/2023/10/27/world/middleeast/palestine-gazans-hamas-food.html,2023-10-27T17:27:47+0000,By Matthew Rosenberg and Maria Abi-Habib,World,
What Is Happening on College Campuses Is Not Free Speech,https://www.nytimes.com/2023/11/03/opinion/antisemitism-jews-campus.html,2023-11-03T09:02:49+0000,"By Gabriel Diamond, Talia Dror and Jillian Lederman",Opinion,
Antisemitism Accusations Against Staff Pose Dilemma for School Leaders,https://www.nytimes.com/2024/05/15/nyregion/faculty-teacher-discipline-antisemitism.html,2024-05-15T07:00:28+0000,By Troy Closson,New York,
Head of an Elite New York School Resigns After Turmoil Over Gaza War,https://www.nytimes.com/2024/08/01/nyregion/ethical-culture-fieldston-school-resignation.html,2024-08-01T22:26:07+0000,By Katherine Rosman,New York,
They Had Just Delivered Tons of Food. Then Their Convoy Was Hit.,https://www.nytimes.com/2024/04/03/world/middleeast/israel-world-central-kitchen-gaza.html,2024-04-03T20:18:09+0000,"By Cassandra Vinograd, Abu Bakr Bashir, Riley Mellen, Aaron Boxerman and Aric Toler",World,
Student Editorial Boards Rebuke College Officials for Protest Decisions,https://www.nytimes.com/2024/04/23/us/college-protest-editorial-voices.html,2024-04-23T20:11:28+0000,By Anna Betts and Jonathan Wolfe,U.S.,
Kamala Harris Is Speaking. Is She Listening?,https://www.nytimes.com/2024/08/10/opinion/kamala-harris-gaza-detroit.html,2024-08-10T11:00:23+0000,By M. Gessen,Opinion,
Barnard College’s Restrictions on Political Speech Prompt Outcry,https://www.nytimes.com/2024/01/24/nyregion/barnard-college-free-speech-restrictions-israel-hamas-war.html,2024-01-24T08:00:48+0000,By Sharon Otterman,New York,
"In a Portland Library, Activists Fortify for a Standoff",https://www.nytimes.com/2024/05/01/us/portland-state-university-library-protest.html,2024-05-01T13:02:29+0000,"By Kimberly Cortez, Mike Baker and Jordan Gale",U.S.,
Transcript: Ezra Klein Interviews Zack Beauchamp,https://www.nytimes.com/2023/10/31/podcasts/transcript-ezra-klein-interviews-zack-beauchamp.html,2023-10-31T18:44:40+0000,,Podcasts,
PEN America Cancels Literary Awards Ceremony Amid Gaza War Fallout,https://www.nytimes.com/2024/04/22/arts/pen-america-literary-awards.html,2024-04-22T20:46:55+0000,By Jennifer Schuessler,Arts,
"Providing Both Bombs and Food, Biden Puts Himself in the Middle of Gaza’s War",https://www.nytimes.com/2024/03/08/us/politics/biden-israel-gaza-war.html,2024-03-09T00:25:52+0000,By Peter Baker and Michael Crowley,U.S.,
Rescued Hostage Describes Months of Uncertainty and Terror in Gaza,https://www.nytimes.com/2024/07/12/world/middleeast/israel-hostage-gaza-koslov-hamas.html,2024-07-12T08:45:23+0000,By Isabel Kershner,World,
Premature Babies Are Evacuated From Embattled Hospital in Gaza,https://www.nytimes.com/2023/11/19/world/middleeast/premature-babies-al-shifa-hospital-gaza-evacuation.html,2023-11-19T16:34:58+0000,By Vivian Yee and Matthew Mpoke Bigg,World,
Pope Laments ‘Appalling’ Loss of Life in War in Gaza,https://www.nytimes.com/2023/12/25/world/europe/pope-christmas-israel-hamas-gaza.html,2023-12-25T13:46:59+0000,By Jason Horowitz,World,
28 Premature Babies Evacuated From Gaza Arrive in Egypt. Others Never Had the Chance.,https://www.nytimes.com/2023/11/20/world/middleeast/premature-babies-gaza-hospital-egypt.html,2023-11-20T12:40:48+0000,By Matthew Mpoke Bigg and Samar Abu Elouf,World,
Brooklyn Councilwoman Charged After Openly Carrying Gun at Protest,https://www.nytimes.com/2023/10/13/nyregion/councilwoman-inna-vernikov-gun-arrest.html,2023-10-13T15:35:46+0000,By Jeffery C. Mays,New York,
"Elias Khoury, Master of the Modern Arabic Novel, Dies at 76",https://www.nytimes.com/2024/09/18/books/elias-khoury-dead.html,2024-09-18T15:09:16+0000,By Clay Risen,Books,
A Dispatch From the Muslim Girl Scouts of Astoria,https://www.nytimes.com/2023/10/28/opinion/girl-scouts-palestine-muslim-activism.html,2023-10-28T11:00:08+0000,By Mara Gay,Opinion,
The Victory Hamas Has Already Won,https://www.nytimes.com/2023/10/28/opinion/hamas-violence-gaza.html,2023-10-28T11:00:25+0000,By Ross Douthat,Opinion,
"On Columbia’s Campus, a Protest Encampment Grows and Tensions Flare",https://www.nytimes.com/2024/04/22/us/columbia-protests-encampment.html,2024-04-22T23:46:59+0000,By Katherine Rosman,U.S.,
"Deal Lays Groundwork for Aid to Reach Desperate Gazans, Officials Say",https://www.nytimes.com/2023/10/19/world/middleeast/gaza-israel-aid-egypt-rafah.html,2023-10-19T19:19:45+0000,"By Matthew Rosenberg, Emma Bubola, Matina Stevis-Gridneff, Vivian Yee and Monika Pronczuk",World,
"On the Cusp of Invasion, a Poet in Gaza Reflects on Trauma",https://www.nytimes.com/2023/10/14/opinion/gaza-poet-palestinians-israel.html,2023-10-14T11:00:17+0000,By Mosab Abu Toha,Opinion,
"Houthis, Undeterred by Strikes, Target More Ships in Red Sea",https://www.nytimes.com/2024/01/15/world/middleeast/houthis-ships-red-sea.html,2024-01-16T01:00:16+0000,"By Matthew Mpoke Bigg, Vivek Shankar and Thomas Fuller",World,
Antisemitic Ads About Doug Emhoff Target Muslim Voters in Michigan,https://www.nytimes.com/2024/09/12/us/politics/antisemitic-ads-doug-emhoff-muslim-michigan.html,2024-09-12T23:04:37+0000,By Katie Glueck,U.S.,
"Muslim Boy, 6, Is Mourned After Illinois Attack Linked to Mideast War",https://www.nytimes.com/2023/10/16/us/stabbing-hate-crime-funeral.html,2023-10-16T15:21:57+0000,"By Julie Bosman, Mitch Smith, Robert Chiarito and Jamie Kelter Davis",U.S.,
"In Congress, Columbia’s Leaders Try to Please. At Home, They Face Anger.",https://www.nytimes.com/2024/04/17/nyregion/antisemitism-columbia-president-university-protest.html,2024-04-17T23:51:03+0000,By Sharon Otterman,New York,
Hamas Choreographs a Show of Force as It Hands Over the Hostages,https://www.nytimes.com/2025/01/25/world/middleeast/hamas-israel-hostages-oct-7.html,2025-01-25T11:26:20+0000,By Adam Rasgon and Nadav Gavrielov,World,
Read the Letter to Sullivan & Cromwell,https://www.nytimes.com/interactive/2024/07/30/business/sullivan-letter.html,2024-07-30T21:04:46+0000,,Business Day,
Gaza War Has Buoyed Egypt’s Leader Ahead of Presidential Vote,https://www.nytimes.com/2023/12/10/world/middleeast/egypt-election-gaza-war.html,2023-12-10T05:01:28+0000,By Vivian Yee,World,
"‘The Ally,’ a New Play at the Public Theater, Hashes Out the Headlines",https://www.nytimes.com/2024/02/22/theater/itamar-moses-the-ally.html,2024-02-22T17:29:17+0000,By Marc Tracy,Theater,
Why Iran Is the Common Link in Conflicts From Gaza to Pakistan,https://www.nytimes.com/2024/01/18/world/middleeast/iran-conflict-gaza-pakistan-hezbollah.html,2024-01-18T21:03:34+0000,By Cassandra Vinograd,World,
A Strategic Dilemma,https://www.nytimes.com/2023/11/28/briefing/israel-gaza-ceasefire-hostages.html,2023-11-28T11:55:48+0000,By David Leonhardt,Briefing,
"Michigan and CUNY Mishandled Discrimination Complaints, Education Dept. Finds",https://www.nytimes.com/2024/06/17/us/politics/michigan-cuny-discrimination-complaints.html,2024-06-17T17:34:47+0000,By Zach Montague,U.S.,
Netanyahu Vows ‘Severe’ Response to Deadly Rocket Attack Tied to Hezbollah,https://www.nytimes.com/2024/07/29/world/middleeast/israel-hezbollah-lebanon.html,2024-07-29T23:28:05+0000,By Isabel Kershner and Euan Ward,World,
"Worried About a Convention Clash, Democrats Woo Uncommitted Delegates",https://www.nytimes.com/2024/08/12/us/politics/democratic-convention-uncommitted.html,2024-08-12T20:16:59+0000,By Jonathan Weisman,U.S.,
"Gaza Is World’s Deadliest Place for Aid Workers, U.N. Says",https://www.nytimes.com/2024/06/17/world/middleeast/gaza-aid-workers-un.html,2024-06-17T17:20:30+0000,By Raja Abdulrahim,World,
"New York City, for Some Jews, Feels Newly Tense",https://www.nytimes.com/2023/12/20/nyregion/jewish-new-york.html,2023-12-20T08:00:41+0000,By Katherine Rosman and Jonah Markowitz,New York,
‘The Ezra Klein Show’ 2024 Book Recommendations,https://www.nytimes.com/2025/02/05/opinion/the-ezra-klein-show-book-recommendations-2024.html,2025-02-05T17:47:42+0000,,Opinion,
Report on Antisemitism at CUNY Calls for Changes Across the System,https://www.nytimes.com/2024/09/24/us/cuny-antisemitism-report.html,2024-09-24T14:00:14+0000,By Sharon Otterman,U.S.,
Dozens Arrested at U.Va. as Other Protests Disrupt Graduations,https://www.nytimes.com/2024/05/04/us/graduation-commencement-pro-palesitinian-protests.html,2024-05-04T09:03:31+0000,"By Emily Cochrane, Ryan Patrick Hooper, Kevin Williams and Jackson Landers",U.S.,
College Dorm Decorations Become a Front in the Campus Free Speech Wars,https://www.nytimes.com/2024/03/01/nyregion/campus-free-speech-barnard-columbia.html,2024-03-01T08:00:52+0000,By Sharon Otterman,New York,
"U.C.L.A. Can’t Let Protesters Block Jewish Students From Campus, Judge Says",https://www.nytimes.com/2024/08/14/us/ucla-jewish-students-gaza-protests.html,2024-08-14T15:54:50+0000,By Anemona Hartocollis,U.S.,
"Netanyahu, Who Clashed With Biden, Prepares for a Delicate Farewell",https://www.nytimes.com/2024/07/22/world/middleeast/netanyahu-biden-israel-gaza-congress.html,2024-07-22T09:39:27+0000,By Patrick Kingsley,World,
Harvard Reaches Agreement With Protesters to End Encampment,https://www.nytimes.com/2024/05/14/us/harvard-encampment-gaza-protest.html,2024-05-14T13:49:12+0000,By Anemona Hartocollis,U.S.,
‘In Egypt Now. Free!’: First Evacuees From Gaza Feel Relief and Gratitude,https://www.nytimes.com/2023/11/02/world/middleeast/gaza-egypt-rafah-crossing-evacuation.html,2023-11-02T16:32:49+0000,By Vivian Yee and Emma Bubola,World,
"Expecting Protests at the Oscars, Police Plan to Beef Up Security",https://www.nytimes.com/2024/03/06/arts/oscars-security-protests-police.html,2024-03-06T22:15:01+0000,By Matt Stevens,Arts,
"How Hamas Is Fighting in Gaza: Tunnels, Traps and Ambushes",https://www.nytimes.com/2024/07/13/world/middleeast/hamas-gaza-israel-fighting.html,2024-07-13T09:00:56+0000,"By Patrick Kingsley, Natan Odenheimer, Aaron Boxerman, Adam Sella and Iyad Abuheweila",World,
Joe Biden Is in Trouble,https://www.nytimes.com/2023/11/06/opinion/joe-biden-polling.html,2023-11-06T06:00:08+0000,By John Della Volpe,Opinion,
Now Is the Moment for Biden’s Age to Be an Asset,https://www.nytimes.com/2023/10/13/opinion/biden-israel-gaza.html,2023-10-14T02:54:24+0000,By Lydia Polgreen,Opinion,
"Leader’s Killing Is a Blow, but Not a Knockout, for Hamas",https://www.nytimes.com/2024/01/03/world/middleeast/hamas-leader-saleh-al-arouri-killed-ramifications.html,2024-01-03T16:15:48+0000,By Ben Hubbard,World,
"Who Is Hassan Nasrallah, Leader of Hezbollah?",https://www.nytimes.com/2024/09/27/world/middleeast/hassan-nasrallah-hezbollah-leader.html,2024-09-27T19:08:56+0000,By Neil MacFarquhar,World,
A Chill Has Fallen Over Jews in Publishing,https://www.nytimes.com/2024/05/27/opinion/publishing-literary-antisemitism.html,2024-05-27T09:03:18+0000,By James Kirchick,Opinion,
A Final Graduation Requirement: Making Sense of Protest,https://www.nytimes.com/2024/05/28/business/columbia-campus-protests-graduation.html,2024-05-28T13:00:14+0000,By Emma Goldberg,Business Day,
Why on Earth Are Jewish Leaders Praising Elon Musk?,https://www.nytimes.com/2023/11/20/opinion/adl-elon-musk-antisemitism.html,2023-11-20T23:22:41+0000,By Michelle Goldberg,Opinion,
Algerian Man Charged Over Synagogue Arson Attack in France,https://www.nytimes.com/2024/08/28/world/europe/france-synagogue-arson-attack-charges.html,2024-08-28T21:38:44+0000,By Aurelien Breeden,World,
‘This Is Personal’: Dearborn’s Arab Americans Endure the Agony of War,https://www.nytimes.com/2023/12/01/us/israel-hamas-war-dearborn-muslims.html,2023-12-01T10:00:49+0000,By Kurt Streeter,U.S.,
"Al-Arouri’s killing is a blow to Hamas, though likely not a debilitating one, analysts say.",https://www.nytimes.com/2024/01/03/world/middleeast/al-arouris-killing-is-a-blow-to-hamas-though-likely-not-a-debilitating-one-analysts-say.html,2024-01-03T11:52:55+0000,By Ben Hubbard,World,
Police Officers Respond as Clashes Erupt at U.C.L.A. Encampment,https://www.nytimes.com/2024/05/01/nyregion/ucla-protests.html,2024-05-01T08:47:11+0000,"By John Yoon, Yan Zhuang and Jonathan Wolfe",New York,
A TV Show Set Up a Fake Campus Protest. Then Real Protesters Arrived.,https://www.nytimes.com/2024/07/24/nyregion/queens-college-protest-encampment.html,2024-07-24T07:00:49+0000,By Claire Fahy,New York,
"Honed at Home in Yemen, Houthi Propaganda Is Going Global",https://www.nytimes.com/2024/01/24/world/middleeast/yemen-houthis-propaganda.html,2024-01-24T08:00:49+0000,By Vivian Nereim,World,
"After a Season of Protest, PEN America’s Literary Gala Goes Forward",https://www.nytimes.com/2024/05/16/arts/pen-america-gala-gaza.html,2024-05-17T03:42:26+0000,By Jennifer Schuessler,Arts,
Columbia Said It Had ‘No Choice’ but to Call the Police,https://www.nytimes.com/2024/05/01/nyregion/columbia-university-protests-arrests.html,2024-05-01T07:54:11+0000,By Sharon Otterman,New York,
Don’t Let Liberal Purity Elect Trump,https://www.nytimes.com/2024/10/30/opinion/gaza-harris-trump.html,2024-10-30T23:00:19+0000,By Nicholas Kristof,Opinion,
"At U.C.L.A., Protesters Briefly Form Encampment and Occupy Building Before Police Move In",https://www.nytimes.com/2024/05/23/us/ucla-pro-palestinian-encampment.html,2024-05-23T20:13:16+0000,"By Jonathan Wolfe, Grace Whitaker and Nicholas Bogel-Burroughs",U.S.,
UChicago Says Free Speech Is Sacred. Some Students See Hypocrisy.,https://www.nytimes.com/2024/05/06/us/university-of-chicago-protests-encampment.html,2024-05-06T10:52:21+0000,By Jeremy W. Peters and Jamie Kelter Davis,U.S.,
Families of American Victims of Oct. 7 Attack Sue Iran,https://www.nytimes.com/2024/11/17/us/politics/iran-oct-7-families-lawsuit.html,2024-11-17T21:37:42+0000,By Adam Goldman and Ronen Bergman,U.S.,
Arab American Fury Toward Biden,https://www.nytimes.com/2024/02/28/opinion/voters-michigan-biden-gaza.html,2024-02-28T20:30:52+0000,By Charles M. Blow,Opinion,
"Feeling Alone and Estranged, Many Jews at Harvard Wonder What’s Next",https://www.nytimes.com/2023/12/16/us/jews-harvard-antisemitism-israel-war.html,2023-12-16T18:50:32+0000,"By Anemona Hartocollis, Jeremy W. Peters and Dana Goldstein",U.S.,
What Students Read Before They Protest,https://www.nytimes.com/2024/04/27/opinion/columbia-university-protests.html,2024-04-27T11:00:13+0000,By Ross Douthat,Opinion,
"Paris, 1919: History’s Slingshot",https://www.nytimes.com/2023/11/29/world/europe/paris-1919-historys-slingshot.html,2023-11-29T21:56:07+0000,By Amanda Taub,World,
Gaza in Ruins After a Year of War,https://www.nytimes.com/interactive/2024/10/07/world/middleeast/israel-gaza-destruction-hamas-war.html,2024-10-07T23:46:23+0000,"By Raja Abdulrahim, Helmuth Rosales, Bilal Shbair, Anjali Singhvi, Erika Solomon, Iyad Abuheweila, Abu Bakr Bashir, Ameera Harouda, Malika Khurana, Veronica Penney and Scott Reinhard",World,
A Campus Protest Movement Seeks to Regain Momentum but Faces Hurdles,https://www.nytimes.com/2024/09/04/us/campus-protests-columbia-penn-cornell-michigan.html,2024-09-04T21:33:55+0000,By Sharon Otterman,U.S.,
Bowman Falls to Latimer in a Loss for Progressive Democrats,https://www.nytimes.com/2024/06/25/nyregion/bowman-latimer-house-new-york.html,2024-06-26T01:41:57+0000,By Nicholas Fandos,New York,
"Gaza’s Historic Heart, Now in Ruins",https://www.nytimes.com/interactive/2024/05/28/arts/gaza-omari-mosque.html,2024-05-28T20:00:17+0000,"By Bora Erden, Graham Bowley and Tala Safie",Arts,
The Marketing of a Massacre,https://www.nytimes.com/2023/10/19/opinion/israel-hamas-attacks-palestinians.html,2023-10-19T16:55:03+0000,By Frank Bruni,Opinion,
Carnage and Contradiction: Examining a Deadly Strike in Rafah,https://www.nytimes.com/2024/06/14/world/europe/carnage-and-contradiction-examining-a-deadly-strike-in-rafah.html,2024-06-14T09:02:25+0000,"By Bilal Shbair, Iyad Abuheweila, Neil Collier, Cassandra Vinograd, Christiaan Triebert and Lauren Leatherby",World,
The Activist Left Doesn’t Want a Hero. But Does It Need One?,https://www.nytimes.com/2024/08/13/magazine/new-left-leadership.html,2024-08-13T09:02:42+0000,By Ross Barkan,Magazine,
I’m a Columbia Professor. The Protests on My Campus Are Not Justice.,https://www.nytimes.com/2024/04/23/opinion/columbia-protests-israel.html,2024-04-23T19:43:41+0000,By John McWhorter,Opinion,
Who Are the Favorites to Win Eurovision?,https://www.nytimes.com/2024/05/10/arts/music/eurovision-odds-favorites.html,2024-05-10T16:42:03+0000,By Alex Marshall,Arts,
A Leading Free Expression Group Is Roiled by Dissent Over Gaza,https://www.nytimes.com/2024/05/15/arts/pen-free-expression-gaza.html,2024-05-15T15:26:17+0000,By Jennifer Schuessler,Arts,
"Biden and Macron Talk Togetherness, With No Mention of Discord Over Gaza",https://www.nytimes.com/2024/06/08/world/europe/biden-macron.html,2024-06-08T16:38:21+0000,By Michael D. Shear and Peter Baker,World,
"How Counterprotesters at U.C.L.A. Provoked Violence, Unchecked for Hours",https://www.nytimes.com/interactive/2024/05/03/us/ucla-protests-encampment-violence.html,2024-05-03T22:17:19+0000,"By Neil Bedi, Bora Erden, Marco Hernandez, Ishaan Jhaveri, Arijeta Lajka, Natalie Reneau, Helmuth Rosales and Aric Toler",U.S.,
When Everyone Becomes a War Photographer,https://www.nytimes.com/2023/10/12/arts/design/war-photos-israel-gaza.html,2023-10-12T15:15:27+0000,By Jason Farago,Arts,
"Hassan Nasrallah, Who Led Hezbollah for Decades, Killed at 64",https://www.nytimes.com/2024/09/28/world/middleeast/hassan-nasrallah-hezbollah-dead.html,2024-09-28T13:39:53+0000,By Neil MacFarquhar and Ben Hubbard,World,
Campus Protests Over Gaza Intensify Amid Pushback by Universities and Police,https://www.nytimes.com/2024/04/24/us/college-protests-spread-austin-dallas.html,2024-04-24T23:36:50+0000,"By J. David Goodman, David Montgomery, Jonathan Wolfe and Jenna Russell",U.S.,
"Hamas Skimmed $1 Billion in U.N. Aid for Weapons and Tunnels, Suit Says",https://www.nytimes.com/2024/06/24/nyregion/hamas-gaza-aid-unrwa-lawsuit.html,2024-06-24T19:48:32+0000,By Ken Belson and Katherine Rosman,New York,
Friday Briefing,https://www.nytimes.com/2024/01/26/briefing/gaza-future-north-korea-economy.html,2024-01-26T05:02:07+0000,By Natasha Frost,Briefing,
Doug Emhoff Stresses a Personal Push Against Antisemitism,https://www.nytimes.com/2024/08/09/world/europe/doug-emhoff-antisemitism-paris.html,2024-08-09T13:49:21+0000,By Aurelien Breeden,World,
"The New York Times News Quiz, Nov. 10, 2023",https://www.nytimes.com/interactive/2023/11/10/briefing/quiz-elections-israel-trump-marathon.html,2023-11-10T10:03:18+0000,,Briefing,
"Under Rules of War, ‘Proportionality’ in Gaza Is Not About Evening the Score",https://www.nytimes.com/2023/12/13/world/middleeast/israel-gaza-proportionality-law-of-war.html,2023-12-13T05:01:23+0000,By Steven Erlanger,World,
"Kent State Protesters Call for University to Divest, Echoing Vietnam War Protests",https://www.nytimes.com/2024/05/04/us/kent-state-massacre-divest-vietnam-war-protest.html,2024-05-05T02:52:29+0000,By Patrick Cooley,U.S.,
How the ‘Uncommitted’ Effort to Protest Biden Has Spread in Super Tuesday States,https://www.nytimes.com/2024/03/05/us/politics/biden-uncommitted-vote-super-tuesday.html,2024-03-05T22:58:53+0000,By Anjali Huynh,U.S.,
What Part of Civil Society Will Trump’s Party Target Next?,https://www.nytimes.com/2024/05/10/opinion/republicans-protest-israel.html,2024-05-10T09:04:58+0000,By Michelle Goldberg,Opinion,
Why Campus Speech Is Vexing,https://www.nytimes.com/2023/12/12/briefing/campus-free-speech-israel-hamas.html,2023-12-12T11:36:35+0000,By David Leonhardt,Briefing,
"Hillary Clinton Returns to Wellesley, but the Homecoming Is More Complicated",https://www.nytimes.com/2024/04/06/us/hillary-clinton-wellesley-protests.html,2024-04-06T22:01:04+0000,By Jenna Russell,U.S.,
2 School Districts to Testify as Congress Expands Antisemitism Inquiry,https://www.nytimes.com/2024/04/12/nyregion/nyc-schools-chancellor-antisemitism-congress-hearing.html,2024-04-12T16:17:52+0000,By Troy Closson,New York,
"Visiting Europe, Biden Will Find Both Solidarity and Isolation",https://www.nytimes.com/2024/06/04/us/politics/biden-europe-israel-ukraine.html,2024-06-04T17:51:34+0000,By Michael D. Shear and Peter Baker,U.S.,
College Officials Must Condemn On-Campus Support for Hamas Violence,https://www.nytimes.com/2024/10/20/opinion/hamas-colleges-free-speech.html,2024-10-20T10:00:24+0000,By Erwin Chemerinsky,Opinion,
Columbia’s President Tells Congress That Action Is Needed Against Antisemitism,https://www.nytimes.com/2024/04/17/nyregion/columbia-university-president-nemat-shafik-hearing.html,2024-04-17T07:00:12+0000,"By Nicholas Fandos, Stephanie Saul and Sharon Otterman",New York,
"A Debut Novel That Skewers Capitalism, One Scalped Birkin at a Time",https://www.nytimes.com/2024/07/11/books/review/the-coin-yasmin-zaher.html,2024-07-11T09:01:31+0000,By Lauren Christensen,Books,
"University Leaders Face a Long, Complex Summer",https://www.nytimes.com/2024/05/24/us/congressional-hearings-campus-antisemitism-protests.html,2024-05-24T09:05:27+0000,By Jeremy W. Peters,U.S.,
The Student-Led Protests Aren’t Perfect. That Doesn’t Mean They’re Not Right.,https://www.nytimes.com/2024/04/26/opinion/columbia-student-protests-israel.html,2024-04-26T22:25:57+0000,By Lydia Polgreen and Mark Peterson,Opinion,
Transcript: Ezra Klein Interviews Sharon Brous,https://www.nytimes.com/2023/11/17/podcasts/transcript-ezra-klein-interviews-sharon-brous.html,2023-11-17T16:16:33+0000,,Podcasts,
"To Dial Down Campus Tensions, Colleges Teach the Art of Conversation",https://www.nytimes.com/2024/12/14/us/college-campuses-gaza-conversations.html,2024-12-14T10:00:30+0000,By Anemona Hartocollis,U.S.,
Professors in Trouble Over Protests Wonder if Academic Freedom Is Dying,https://www.nytimes.com/2024/10/23/us/faculty-protests-academic-freedom-tenure-discipline.html,2024-10-23T09:02:15+0000,By Anemona Hartocollis,U.S.,
A New Issue Flares in the 2024 Race: Campus Protests,https://www.nytimes.com/2024/05/03/us/politics/biden-trump-campus-protests.html,2024-05-03T09:06:18+0000,By Lisa Lerer,U.S.,
British Colleges Are Handling Protests Differently. Will It Pay Off?,https://www.nytimes.com/2024/05/11/world/europe/british-colleges-are-handling-protests-differently-will-it-pay-off.html,2024-05-11T04:01:21+0000,By Stephen Castle and Mary Turner,World,
"War Is on the Agenda in Davos, but the Focus Is Elsewhere",https://www.nytimes.com/2024/01/18/business/ukraine-gaza-war-davos.html,2024-01-18T21:29:10+0000,By Jim Tankersley,Business Day,
Doug Emhoff Calls Trump a ‘Known Antisemite’ as Biden Team Steps Up Attacks,https://www.nytimes.com/2024/05/21/us/politics/doug-emhoff-trump-antisemite.html,2024-05-22T03:04:36+0000,By Reid J. Epstein,U.S.,
Humanitarians Are Dying. Why Doesn’t the World Care?,https://www.nytimes.com/2024/08/26/opinion/humanitarian-deaths-red-cross.html,2024-08-26T09:01:25+0000,By Kate Forbes,Opinion,
White House Cancels $400 Million in Grants and Contracts to Columbia,https://www.nytimes.com/2025/03/07/nyregion/trump-administration-columbia-grants-cancelled-antisemitism.html,2025-03-07T17:57:23+0000,By Sharon Otterman and Liam Stack,New York,
Police Make Arrests While Trying to Contain Protests,https://www.nytimes.com/2024/05/06/fashion/protests-met-gala-arrests.html,2024-05-06T23:49:23+0000,"By Madison Malone Kircher, Alex Vadukul and Benjamin Hoffman",Fashion & Style,
"And Now, a Real-World Lesson for Student Activists",https://www.nytimes.com/2024/05/30/opinion/college-activism-israel-gaza.html,2024-05-30T09:03:25+0000,By Pamela Paul,Opinion,
"In an Online World, a New Generation of Protesters Chooses Anonymity",https://www.nytimes.com/2024/05/02/nyregion/college-campus-protests-anonymity.html,2024-05-02T07:00:20+0000,By Nicholas Fandos,New York,
Wafa Al-Udaini Captured the Experiences of Palestinians From Within,https://www.nytimes.com/interactive/2024/12/20/magazine/wafa-aludaini-killed-palestinian-journalist.html,2024-12-20T20:45:18+0000,By J Wortham,Magazine,
Campus Speech Codes Should Be Abolished,https://www.nytimes.com/2023/12/13/opinion/college-free-speech-antisemitism.html,2023-12-13T10:03:36+0000,By James Kirchick,Opinion,
The Trauma Experienced in Gaza Is Beyond PTSD,https://www.nytimes.com/2024/02/22/opinion/gaza-palestinians-mental-health.html,2024-02-22T10:03:41+0000,By Yara M. Asi,Opinion,
"Before the Violence, U.C.L.A. Thought a Tolerant Approach Would Work",https://www.nytimes.com/2024/05/01/us/ucla-classes-protests.html,2024-05-01T18:23:37+0000,"By Corina Knoll, Jonathan Wolfe and Emily Baumgaertner",U.S.,
Jewish Celebrities and Influencers Confront TikTok Executives in Private Call,https://www.nytimes.com/2023/11/16/technology/tiktok-jewish-open-letter-antisemitism.html,2023-11-16T19:24:39+0000,By Sapna Maheshwari,Technology,
Why Iran Doesn’t Want a War,https://www.nytimes.com/2024/01/22/opinion/iran-war-middle-east.html,2024-01-22T06:00:11+0000,By Reuel Marc Gerecht and Ray Takeyh,Opinion,
Barnard Ends Suspensions for Most Student Protesters Who Were Arrested,https://www.nytimes.com/2024/04/26/nyregion/barnard-student-suspensions-campus-protests.html,2024-04-27T02:34:08+0000,By Claire Fahy,New York,
"Hello, I Do Not Work Seven Days a Week",https://www.nytimes.com/2023/12/09/business/work-friend-roxane-gay.html,2023-12-09T10:02:26+0000,By Roxane Gay,Business Day,
"Columbia, Free Speech and the Coddling of the American Right",https://www.nytimes.com/2024/04/19/opinion/columbia-protests-israel-gaza-crackdown.html,2024-04-19T16:52:00+0000,By Lydia Polgreen,Opinion,
I.O.C. Says It Was Target of Elaborate ‘Fake News’ Campaign,https://www.nytimes.com/2023/11/09/world/europe/ioc-fake-news.html,2023-11-09T20:10:07+0000,By Tariq Panja,World,
A Small Campus in the Redwoods Has the Nation’s Most Entrenched Protest,https://www.nytimes.com/2024/04/29/us/humboldt-protest-cal-poly.html,2024-04-30T02:00:10+0000,By Jonathan Wolfe,U.S.,
A Timeline of Nemat Shafik’s Tenure as President of Columbia University,https://www.nytimes.com/2024/04/26/us/minouche-shafik-columbia-university-president.html,2024-04-26T09:04:52+0000,By Adeel Hassan,U.S.,
"In Georgia, Harris’s Muslim Backers Push Her as Better Than the Alternative",https://www.nytimes.com/2024/10/24/us/politics/harris-georgia-muslim-arab-voters.html,2024-10-24T19:10:07+0000,By Maya King,U.S.,
Inside the Desperate Effort to Evacuate Young Cancer Patients From Gaza,https://www.nytimes.com/2023/11/14/us/politics/gaza-hospitals-cancer-israel.html,2023-11-14T19:23:06+0000,By Sharon LaFraniere and Erica L. Green,U.S.,
"Harvard, M.I.T. and Systemic Antisemitism",https://www.nytimes.com/2024/03/14/opinion/harvard-mit-and-systemic-antisemitism.html,2024-03-14T19:00:05+0000,By David French,Opinion,
Strike Over Campus Protests Expands to U.C. Davis and U.C.L.A.,https://www.nytimes.com/2024/05/23/us/campus-protest-strike-ucla-uc-davis.html,2024-05-23T21:23:47+0000,By Shawn Hubler,U.S.,
A Wave of Pride Lights Up New York City,https://www.nytimes.com/2024/06/30/nyregion/nyc-pride-parade.html,2024-06-30T17:45:44+0000,By Lola Fadulu and Gaya Gupta,New York,
Wednesday Briefing: A Turbulent Moment in U.S. Politics,https://www.nytimes.com/2024/07/16/briefing/biden-nomination-trump-rnc.html,2024-07-16T20:59:34+0000,By Daniel E. Slotnik,Briefing,
NYU Langone Fired Him for His Posts on the Mideast War. He’s Suing.,https://www.nytimes.com/2023/11/24/nyregion/nyu-langone-cancer-doctor-fired-lawsuit.html,2023-11-24T08:00:17+0000,By Joseph Goldstein,New York,
House Republicans Clash With Leaders of Public Schools Over Antisemitism Claims,https://www.nytimes.com/2024/05/08/us/house-gop-public-school-leaders-antisemitism.html,2024-05-08T20:29:42+0000,"By Dana Goldstein, Troy Closson and Michael Levenson",U.S.,
Dartmouth’s Leader Called in Police Quickly. The Fallout Was Just as Swift.,https://www.nytimes.com/2024/05/13/us/dartmouth-campus-protests-police-beilock.html,2024-05-13T09:02:50+0000,By Vimal Patel,U.S.,
Wednesday Briefing,https://www.nytimes.com/2024/07/17/briefing/biden-isolation-gaza-strikes.html,2024-07-17T04:06:34+0000,By Natasha Frost,Briefing,
The Bitter Fight Over the Meaning of ‘Genocide’,https://www.nytimes.com/2024/08/20/magazine/genocide-definition.html,2024-08-20T09:02:50+0000,By Linda Kinstler,Magazine,
Berkeley Schools Superintendent to Testify Today on Capitol Hill,https://www.nytimes.com/2024/05/08/us/berkeley-superintendent-congress-antisemitism.html,2024-05-08T13:08:09+0000,By Soumya Karlamangla,U.S.,
More Than Words: 10 Charts That Defined 2023,https://www.nytimes.com/interactive/2023/12/28/opinion/2023-charts-inflation-politics.html,2023-12-28T10:03:12+0000,By Steven Rattner and Taylor Maggiacomo,Opinion,
"What We Know About Columbia University’s President, Nemat Shafik",https://www.nytimes.com/2024/04/19/nyregion/nemat-shafik-columbia-university-president.html,2024-04-19T17:54:13+0000,By Troy Closson and Megan Specia,New York,
Monday Briefing: Babies Evacuated From Al-Shifa,https://www.nytimes.com/2023/11/19/briefing/babies-evacuated-al-shifa-hospital-openai-sam-altman-bedbugs.html,2023-11-19T20:58:05+0000,By Justin Porter,Briefing,
China’s Economic Stake in the Middle East: Its Thirst for Oil,https://www.nytimes.com/2023/10/11/business/china-oil-saudi-arabia-iran.html,2023-10-11T14:12:33+0000,By Keith Bradsher,Business Day,
Brandeis President Steps Down Amid Budget Issues and Protests,https://www.nytimes.com/2024/09/25/us/brandeis-university-president-resigns.html,2024-09-25T17:55:27+0000,By Stephanie Saul,U.S.,
Colleges Warn Student Demonstrators: Enough,https://www.nytimes.com/2024/04/18/us/politics/colleges-protests-israel-war.html,2024-04-18T18:21:41+0000,By Jeremy W. Peters,U.S.,
College Parent Arrested After Confrontation at Syracuse Campus Protest,https://www.nytimes.com/2024/05/10/nyregion/ronn-torossian-syracuse-arrest.html,2024-05-11T01:15:18+0000,By Katherine Rosman,New York,
Why the Protests Help Trump,https://www.nytimes.com/2024/05/02/opinion/student-protests-trump.html,2024-05-02T23:00:07+0000,By David Brooks,Opinion,
The Laws of Campus Culture War,https://www.nytimes.com/2023/11/02/opinion/columnists/campus-speech-culture-war.html,2023-11-02T20:48:39+0000,By David French,Opinion,
"As the U.A.W. Scores Wins in Red States, Tensions Emerge Over Gaza Protests",https://www.nytimes.com/2024/06/12/us/politics/uaw-gaza-biden.html,2024-06-12T19:23:28+0000,By Jonathan Weisman,U.S.,
U.S. Strikes Houthi Targets in Yemen for a Third Time,https://www.nytimes.com/2024/01/16/world/middleeast/us-strikes-houthis-yemen.html,2024-01-16T17:08:57+0000,By Eric Schmitt and Saeed Al-Batati,World,
"Macron Hosts Biden in Paris, Honoring a Not Always Easy Bond",https://www.nytimes.com/2024/06/08/world/europe/macron-biden-france-us.html,2024-06-08T04:01:29+0000,By Roger Cohen and Peter Baker,World,
Columbia Remains Divided but Cautiously Optimistic as President Departs,https://www.nytimes.com/2024/08/15/nyregion/columbia-university-shafik-resigns-students-faculty.html,2024-08-15T18:30:44+0000,"By Sharon Otterman, Stephanie Saul and Wesley Parnell",New York,
"Transcript: Ezra Klein on Gaza, A.I. and the 2024 Elections",https://www.nytimes.com/2023/12/20/podcasts/transcript-ezra-klein-ask-me-anything.html,2023-12-20T18:51:13+0000,,Podcasts,
"No, I Don’t Want to Protest",https://www.nytimes.com/2024/06/20/opinion/protests.html,2024-06-20T09:02:35+0000,By Pamela Paul,Opinion,
Tuesday Briefing: Support Builds for Kamala Harris,https://www.nytimes.com/2024/07/22/briefing/kamala-harris-endorsement-secret-service.html,2024-07-22T20:50:53+0000,By Daniel E. Slotnik,Briefing,
How TikTok Changed Us,https://www.nytimes.com/2024/04/19/briefing/tiktok-congress.html,2024-04-19T10:42:09+0000,By Sapna Maheshwari,Briefing,
"With War Raging, Colleges Confront a Crisis of Their Own Making",https://www.nytimes.com/2023/10/26/opinion/israel-palestine-college-campuses.html,2023-10-26T16:00:02+0000,By Frank Bruni,Opinion,
How ‘September 5’ Recreates a Historic News Broadcast,https://www.nytimes.com/2024/11/27/movies/september-5-munich-olympics-israeli-athletes-massacre.html,2024-11-27T10:00:57+0000,By Annie Aguiar,Movies,
U.S.-Led Strikes Leave Yemen Back on the Brink of War,https://www.nytimes.com/2024/01/13/world/middleeast/american-strikes-yemen-war.html,2024-01-13T05:01:25+0000,By Vivian Nereim and Saeed Al-Batati,World,
Thursday Briefing,https://www.nytimes.com/2024/12/05/briefing/france-south-korea-assassination.html,2024-12-05T05:02:04+0000,By Natasha Frost,Briefing,
From ‘Perfect Candidate’ to Sudden Exit: Inside the Fall of Columbia’s President,https://www.nytimes.com/2024/08/16/us/columbia-president-nemat-shafik.html,2024-08-16T19:34:16+0000,"By Alan Blinder, Stephanie Saul, Sharon Otterman and Mark Landler",U.S.,
Campus Protest Investigations Hang Over Schools as New Academic Year Begins,https://www.nytimes.com/2024/10/05/us/politics/college-campus-protests-investigations.html,2024-10-05T09:00:40+0000,By Zach Montague,U.S.,
‘S.N.L’ Returns With Pete Davidson and a Taylor Swift Cameo,https://www.nytimes.com/2023/10/15/arts/television/saturday-night-live-taylor-swift-pete-davidson.html,2023-10-15T06:43:36+0000,By Dave Itzkoff,Arts,
Denied a Second Chance at a Normal Senior Year,https://www.nytimes.com/2024/04/26/style/campus-protests-college-graduation.html,2024-04-26T15:42:41+0000,"By Callie Holtermann, Sandra E. Garcia and Frank Rojas",Style,
Five International Movies to Stream Now,https://www.nytimes.com/2024/12/13/movies/international-movies-streaming.html,2024-12-13T17:05:05+0000,By Devika Girish,Movies,
"Harvard’s Board Unites Behind Its President, but Its Campus Remains Splintered",https://www.nytimes.com/2023/12/12/us/harvard-president-claudine-gay.html,2023-12-12T13:26:53+0000,"By Jeremy W. Peters, Dana Goldstein and Anemona Hartocollis",U.S.,
"For Columbia and a Powerful Donor, Months of Talks and Millions at Risk",https://www.nytimes.com/2024/05/10/us/columbia-university-donor-angelica-berrie.html,2024-05-10T09:04:22+0000,By Alan Blinder,U.S.,
How Humans Failed Racehorses,https://www.nytimes.com/2024/05/05/briefing/kentucky-derby-race-horses.html,2024-05-05T11:38:45+0000,By Joe Drape,Briefing,
The Brooklyn Museum Is Progressive. Why Is the Left Attacking It?,https://www.nytimes.com/2024/06/14/nyregion/brooklyn-museum-protests.html,2024-06-14T07:00:18+0000,By Ginia Bellafante,New York,
University of Chicago President Says ‘Encampment Cannot Continue’,https://www.nytimes.com/2024/05/03/us/university-of-chicago-protest.html,2024-05-03T17:56:55+0000,By Mitch Smith and Robert Chiarito,U.S.,
Debate Over Plagiarism Allegations Against Claudine Gay Adds to Pressures at Harvard,https://www.nytimes.com/2023/12/21/us/harvard-claudine-gay-plagiarism-antisemitism-israel-palestine-protests.html,2023-12-22T02:25:41+0000,"By Sarah Mervosh, Dana Goldstein, Jennifer Schuessler and Anemona Hartocollis",U.S.,
Thursday Briefing,https://www.nytimes.com/2024/01/10/briefing/houthi-red-sea-trump-ecuador.html,2024-01-11T04:57:10+0000,By Natasha Frost,Briefing,
Killing of Teacher and Hamas Assault Set a Jittery France on Edge,https://www.nytimes.com/2023/10/17/world/europe/france-teacher-attack-hamas.html,2023-10-17T04:02:01+0000,By Catherine Porter and Aurelien Breeden,World,
Dozens of Yale Students Arrested During Campus Protests,https://www.nytimes.com/2024/04/22/us/yale-students-arrests-protests.html,2024-04-22T13:49:38+0000,"By Eliza Fawcett, Alan Blinder, Amanda Holpuch and Jacey Fortin",U.S.,
Trump Signs Order to Promote ‘Patriotic Education’ in the Classroom,https://www.nytimes.com/2025/01/29/us/politics/trump-executive-orders-schools-antisemitism-race-gender.html,2025-01-30T00:18:00+0000,By Zach Montague and Erica L. Green,U.S.,
2023 in Photos: A Weary World,https://www.nytimes.com/interactive/2023/world/year-in-pictures.html,2023-12-18T19:05:14+0000,,World,
"The Misogynistic, Bigoted and Crude Rally Remarks Trump Hasn’t Disavowed",https://www.nytimes.com/2024/10/28/us/politics/trump-msg-rally-speaker-remarks.html,2024-10-28T17:14:54+0000,By Maggie Astor,U.S.,
San Francisco Shop Owner Responds to Hate Crime With Message of Love,https://www.nytimes.com/2023/11/06/us/san-francisco-shop-owner-responds-to-hate-crime-with-message-of-love.html,2023-11-06T14:00:29+0000,By Heather Knight,U.S.,
A Holiday Tradition,https://www.nytimes.com/2024/11/28/briefing/thanksgiving-arguments.html,2024-11-28T11:45:03+0000,By Ian Prasad Philbrick,Briefing,
Trump Threatens Columbia With Millions in Cuts Over Antisemitism Claims,https://www.nytimes.com/2025/03/04/nyregion/trump-columbia-antisemitism.html,2025-03-04T21:26:35+0000,By Sharon Otterman,New York,
"Bomb Threats Hit Several States, but None Are Found Credible",https://www.nytimes.com/2024/11/05/us/politics/pollls-voting-bomb-threats.html,2024-11-05T19:11:22+0000,"By Richard Fausset, Michael Levenson and Neil Vigdor",U.S.,
Ramy Youssef: Mixing Vibes and Politics to Fierce Effect,https://www.nytimes.com/2024/03/20/arts/television/ramy-youssef-more-feelings-hbo.html,2024-03-20T19:00:43+0000,By Jason Zinoman,Arts,
Arizona Reinstated a 160-Year-Old Abortion Ban,https://www.nytimes.com/2024/04/09/briefing/abortion-ban-arizona-epa-pollution-rule.html,2024-04-09T21:38:14+0000,By Matthew Cullen,Briefing,
"Princess Reema, Bandar’s Daughter, Navigates Rough Waters in Washington",https://www.nytimes.com/2024/04/07/us/politics/saudi-arabia-reema-israel-washington.html,2024-04-07T09:00:12+0000,By Kate Kelly,U.S.,
"D.E.I. Official at University of Michigan Is Fired Over Antisemitism Claim, Lawyer Says",https://www.nytimes.com/2024/12/12/us/university-of-michigan-dei-administrator-antisemitism.html,2024-12-12T22:41:45+0000,By Stephanie Saul and Vimal Patel,U.S.,
What Is Happening at the Columbia School of Social Work?,https://www.nytimes.com/2023/12/07/opinion/social-work-columbia-ideology.html,2023-12-07T10:02:13+0000,By Pamela Paul,Opinion,
Starbucks Faces New Pressure Over Union Campaign,https://www.nytimes.com/2024/01/05/business/starbucks-union-workers-boycott.html,2024-01-05T10:01:45+0000,By Noam Scheiber,Business Day,
Has Hollywood Lost China?,https://www.nytimes.com/2024/01/28/briefing/chinese-box-office.html,2024-01-28T12:48:13+0000,By Desiree Ibekwe,Briefing,
A Music Festival Headlined by Alexandria Ocasio-Cortez,https://www.nytimes.com/2024/03/05/style/madsoul-festival-aoc-florida.html,2024-03-05T19:30:18+0000,By Rachel Janfaza,Style,
Inside Harris’s Big Economic Pitch,https://www.nytimes.com/2024/09/25/business/dealbook/harris-trump-economy.html,2024-09-25T11:55:27+0000,"By Andrew Ross Sorkin, Ravi Mattu, Bernhard Warner, Sarah Kessler, Michael J. de la Merced, Lauren Hirsch, Ephrat Livni and Theodore Schleifer",Business Day,
353 Ballet Dancers Set a Record,https://www.nytimes.com/2024/04/19/nyregion/ballet-dancers-on-point-record.html,2024-04-19T09:03:14+0000,By James Barron,New York,
"Patriotism, Diversity and the Election",https://www.nytimes.com/2024/05/30/briefing/senate-elections-democrats-2024.html,2024-05-30T10:14:18+0000,By David Leonhardt,Briefing,
Evacuees From Gaza Arrived in Egypt,https://www.nytimes.com/2023/11/01/briefing/gaza-evacuees-egypt-fed-interest-rates.html,2023-11-01T21:50:33+0000,By Matthew Cullen,Briefing,
Chappelle on ‘S.N.L.’: Nudging All of Us Toward Peaceful Change,https://www.nytimes.com/2025/01/19/arts/television/arts-television-saturday-night-live-recap.html,2025-01-19T13:59:53+0000,By Dave Itzkoff,Arts,
The One Thing Americans Remember About Biden,https://www.nytimes.com/interactive/2025/01/19/upshot/biden-memories-poll.html,2025-01-19T10:01:16+0000,By Ruth Igielnik and Christine Zhang,The Upshot,
The Fight Over Academic Freedom,https://www.nytimes.com/2024/02/16/arts/academic-freedom-harvard-universities.html,2024-02-16T10:04:04+0000,By Jennifer Schuessler,Arts,
Five Free Movies to Stream Now,https://www.nytimes.com/2025/02/21/movies/free-movies-streaming-gunda-farha.html,2025-02-21T10:01:43+0000,By Brandon Yu,Movies,
I Said the Era of Famines Might Be Ending. I Was Wrong.,https://www.nytimes.com/2024/03/09/opinion/famine-war-gaza.html,2024-03-09T12:00:13+0000,By Alex de Waal,Opinion,
What the University Presidents Got Right and Wrong About Antisemitic Speech,https://www.nytimes.com/2023/12/10/opinion/antisemitism-university-presidents.html,2023-12-10T14:00:05+0000,By David French,Opinion,
"Locks, Chains, Diversions: How Columbia Students Seized Hamilton Hall",https://www.nytimes.com/2024/05/02/nyregion/columbia-students-hamilton-hall.html,2024-05-02T20:48:26+0000,By Sharon Otterman and Chelsia Rose Marcius,New York,
House Censures Jamaal Bowman for False Fire Alarm,https://www.nytimes.com/2023/12/07/us/politics/jamaal-bowman-censure-fire-alarm.html,2023-12-07T10:02:37+0000,By Kayla Guo,U.S.,
‘Mo’ Review: An International Hustle,https://www.nytimes.com/2025/01/30/arts/television/mo-review-netflix.html,2025-01-30T17:56:52+0000,By Margaret Lyons,Arts,
Read Nemat Shafik’s Opening Remarks,https://www.nytimes.com/interactive/2024/04/17/us/shafik-statement-document.html,2024-04-17T14:40:39+0000,,U.S.,
Possible Paths to Israeli-Palestinian Peace,https://www.nytimes.com/2023/10/17/opinion/israel-palestinians-hamas-gaza.html,2023-10-17T16:34:58+0000,,Opinion,
France’s Far-Left Firebrand: Ready to Govern?,https://www.nytimes.com/2024/07/09/world/europe/france-election-left-melenchon.html,2024-07-09T10:48:21+0000,By Adam Nossiter,World,
Getting Back to Basics on Free Speech,https://www.nytimes.com/2024/05/06/opinion/greg-lukianoff-campus-speech.html,2024-05-06T09:02:20+0000,By Jane Coaston,Opinion,
What We Learned About Harris — and the Democrats — This Week,https://www.nytimes.com/2024/08/23/opinion/kamala-harris-speech-democratic-convention.html,2024-08-23T09:02:20+0000,"By Ross Douthat, Carlos Lozada and Lydia Polgreen",Opinion,
Transcript: Ezra Klein Talks About the State of the Union and Biden’s 2024 Campaign,https://www.nytimes.com/2024/03/12/podcasts/transript-ezra-klein-sotu-qa.html,2024-03-12T17:05:09+0000,,Podcasts,
Here’s What 13 Biden and Trump Voters Agreed On About 2023,https://www.nytimes.com/interactive/2023/12/29/opinion/2023-america-focus-group.html,2023-12-29T10:03:34+0000,By Patrick Healy and Frank Luntz,Opinion,
Kamala Came to Slay,https://www.nytimes.com/2024/08/23/opinion/kamala-harris-speech.html,2024-08-23T07:15:20+0000,By Maureen Dowd,Opinion,
The Victims in the Israel-Hamas War,https://www.nytimes.com/2023/10/12/opinion/israel-gaza-hamas-victims.html,2023-10-12T15:36:23+0000,,Opinion,
Seeking Answers on Israel and Palestine,https://www.nytimes.com/2024/04/08/opinion/israel-palestine-two-state-solution.html,2024-04-08T16:44:24+0000,,Opinion,
"Mia Khalifa’s Messy World of Money, Sex and Activism",https://www.nytimes.com/2024/10/19/magazine/mia-khalifa-interview.html,2024-10-19T09:15:11+0000,By David Marchese,Magazine,
Censoring Games,https://www.nytimes.com/2025/02/23/briefing/censoring-games.html,2025-02-23T12:36:59+0000,By German Lopez,Briefing,
"Jimmy Carter, Peacemaking President Amid Crises, Is Dead at 100",https://www.nytimes.com/2024/12/29/us/politics/jimmy-carter-dead.html,2024-12-29T21:33:18+0000,By Peter Baker and Roy Reed,U.S.,
The University of Michigan Doubled Down on D.E.I. What Went Wrong?,https://www.nytimes.com/2024/10/16/magazine/dei-university-michigan.html,2024-10-16T09:00:19+0000,By Nicholas Confessore,Magazine,
"American Jews, Liberalism and Zionism",https://www.nytimes.com/2024/03/25/opinion/us-jews-israel-liberalism-zionism.html,2024-03-25T16:50:37+0000,,Opinion,
"Jimmy Carter’s Life, in 17 Objects",https://www.nytimes.com/2024/12/31/us/jimmy-carter-17-objects.html,2024-12-31T10:00:17+0000,By Bill Marsh and Tony Cenicola,U.S.,
Schumer’s Strong Condemnation of Netanyahu,https://www.nytimes.com/2024/03/15/opinion/schumer-netanyahu-israel.html,2024-03-15T16:43:50+0000,,Opinion,
"Your Questions on Open Conventions, a Gaza Schism and Biden’s Chances",https://www.nytimes.com/2024/02/23/opinion/open-conventions-gaza-biden.html,2024-02-23T10:03:11+0000,By ‘The Ezra Klein Show',Opinion,
Does Israel Need ‘Tough Love’ From the U.S.?,https://www.nytimes.com/2023/12/29/opinion/letters/israel-tough-love.html,2023-12-29T18:22:28+0000,,Opinion,
Ethical and Strategic Issues Facing Israel,https://www.nytimes.com/2023/10/16/opinion/letters/israel-gaza-hamas.html,2023-10-16T17:27:56+0000,,Opinion,
A ‘Changed Landscape’: Voices From Israel,https://www.nytimes.com/2024/05/15/opinion/israel-gaza-war.html,2024-05-15T16:16:17+0000,,Opinion,
Mary Weiss Influenced Musicians From the Ramones to Amy Winehouse,https://www.nytimes.com/interactive/2024/12/20/magazine/mary-weiss-shangri-las.html,2024-12-20T20:33:24+0000,By Rob Hoerburger,Magazine,
Shelley Duvall Made Her Mark Well Before ‘The Shining’,https://www.nytimes.com/interactive/2024/12/20/magazine/shelley-duvall-actor.html,2024-12-20T20:36:20+0000,By Anthony Giardina,Magazine,
Angela Bofill Sang What She Could Until the End,https://www.nytimes.com/interactive/2024/12/20/magazine/angela-bofill-singer.html,2024-12-20T20:42:53+0000,By Danyel Smith,Magazine,
How Wally Amos Lost It All — and Found Something New in the Wreckage,https://www.nytimes.com/interactive/2024/12/20/magazine/famous-amos-cookies.html,2024-12-20T20:44:27+0000,By Brett Martin,Magazine,
"The Rise and Fall of Ivan Boesky, Notorious Inside Trader",https://www.nytimes.com/interactive/2024/12/20/magazine/ivan-boesky-greed.html,2024-12-20T20:38:37+0000,By Jonathan Mahler,Magazine,
Bob Newhart’s Comedy Left a Lot Unsaid,https://www.nytimes.com/interactive/2024/12/20/magazine/bob-newhart-comedy.html,2024-12-20T20:40:02+0000,By Susan Dominus,Magazine,
The Orphaned Sea Otter Who Became a Foster Mom to 15 Pups,https://www.nytimes.com/interactive/2024/12/20/magazine/rosa-sea-otter.html,2024-12-20T20:45:53+0000,By Malia Wollan,Magazine,
Jerry West Was the N.B.A.’s Tortured Genius,https://www.nytimes.com/interactive/2024/12/20/magazine/jerry-west-basketball.html,2024-12-20T20:29:53+0000,By Sam Dolnick,Magazine,
Naomi Feil Developed a Radical Approach to Caring for Dementia Patients,https://www.nytimes.com/interactive/2024/12/20/magazine/naomi-feil-dementia.html,2024-12-20T20:46:30+0000,By Daniel Bergner,Magazine,
How Edward Stone Resolved NASA’s Scientific Turf Wars,https://www.nytimes.com/interactive/2024/12/20/magazine/edward-stone-nasa.html,2024-12-20T20:35:07+0000,By Jon Gertner,Magazine,
James Earl Jones Found His Voice Through Silence,https://www.nytimes.com/interactive/2024/12/20/magazine/james-earl-jones-voice.html,2024-12-20T20:28:47+0000,By Reginald Dwayne Betts,Magazine,
Eleanor Coppola’s Frustrated Ambitions,https://www.nytimes.com/interactive/2024/12/20/magazine/eleanor-coppola-sofia.html,2024-12-20T20:37:18+0000,By Irina Aleksander,Magazine,
Hettie Jones Helped Kickstart New York’s Beat Scene,https://www.nytimes.com/interactive/2024/12/20/magazine/hettie-jones-poet.html,2024-12-20T20:42:06+0000,By Jordan Kisner,Magazine,
Peter Buxtun Refused to Give Up,https://www.nytimes.com/interactive/2024/12/20/magazine/peter-buxtun-tuskegee-study.html,2024-12-20T20:41:28+0000,By Maggie Jones,Magazine,
Were Pete Rose’s Sins Ahead of His Time?,https://www.nytimes.com/interactive/2024/12/20/magazine/pete-rose-baseball.html,2024-12-20T20:43:38+0000,By Matt Flegenheimer,Magazine,
Gena Rowlands Refused to Play the Traditional Woman,https://www.nytimes.com/interactive/2024/12/20/magazine/gena-rowlands-actor.html,2024-12-20T20:27:52+0000,By Ismail Muhammad,Magazine,
Dr. Ruth and Phil Donahue Answered Life’s Big Questions,https://www.nytimes.com/interactive/2024/12/20/magazine/dr-ruth-phil-donahue-tv.html,2024-12-20T20:38:04+0000,By Wesley Morris,Magazine,
Frankie Beverly Created America’s No. 1 Cookout Song,https://www.nytimes.com/interactive/2024/12/20/magazine/frankie-beverly-music.html,2024-12-20T20:32:07+0000,By Nikole Hannah-Jones,Magazine,
When Willie Mays Was Banned From Baseball,https://www.nytimes.com/interactive/2024/12/20/magazine/willie-mays-baseball-banned.html,2024-12-20T20:34:36+0000,By Devin Gordon,Magazine,
The Lives They Lived,https://www.nytimes.com/interactive/2024/12/20/magazine/people-who-died.html,2024-12-20T20:26:40+0000,,Magazine,
Michaela DePrince Danced as if She Were Sprinkled With Pixie Dust,https://www.nytimes.com/interactive/2024/12/20/magazine/michaela-deprince-dance.html,2024-12-20T20:34:06+0000,By Niela Orr,Magazine,
Janice Burgess Combined High Culture With Childish Delight,https://www.nytimes.com/interactive/2024/12/20/magazine/janice-burgess-backyardians.html,2024-12-20T20:40:50+0000,By Sam Anderson,Magazine,
Paul Auster’s Life and Work Were Marked by Death,https://www.nytimes.com/interactive/2024/12/20/magazine/paul-auster-writer.html,2024-12-20T20:35:49+0000,By Matthew Shaer,Magazine,
Fearful of Trump’s Autocratic Ambitions,https://www.nytimes.com/2023/11/29/opinion/donald-trump-autocrat.html,2023-11-29T17:03:19+0000,,Opinion,
The Issues That Matter Most to Teenagers in This Election,https://www.nytimes.com/2024/10/31/learning/the-issues-that-matter-most-to-teenagers-in-this-election.html,2024-10-31T20:47:33+0000,By The Learning Network,The Learning Network,
"What Is It About Robert F. Kennedy Jr., Anyway? 12 Voters Explain His Appeal.",https://www.nytimes.com/interactive/2024/06/25/opinion/focus-group-rfk-biden-trump.html,2024-06-25T05:00:01+0000,"By Adrian J. Rivera, Patrick Healy and Margie Omero",Opinion,
100 Notable Books of 2024,https://www.nytimes.com/interactive/2024/11/26/books/notable-books.html,2024-11-26T12:54:22+0000,By The New York Times Books Staff,Books,
Life With Alzheimer’s: Families’ Stories,https://www.nytimes.com/2024/06/19/opinion/alzheimers-dementia-eldercare.html,2024-06-19T15:03:33+0000,,Opinion,
The 100 Best Restaurants in New York City in 2024,https://www.nytimes.com/interactive/2024/dining/best-nyc-restaurants.html,2024-04-01T23:26:52+0000,By Pete Wells,Food,
"Justices Speak, and Are Greeted With Dissent",https://www.nytimes.com/2024/05/16/opinion/supreme-court-thomas-kavanaugh-alito.html,2024-05-16T16:01:27+0000,,Opinion,
Turmoil Over Student Support for Hamas,https://www.nytimes.com/2023/10/20/opinion/letters/students-hamas-israel-gaza.html,2023-10-20T16:37:37+0000,,Opinion,
The Trump-Haley Race After New Hampshire,https://www.nytimes.com/2024/01/24/opinion/trump-haley-new-hampshire-2024-election.html,2024-01-24T17:51:01+0000,,Opinion,
Student Activism Over Gaza: Admirable or Ill Informed?,https://www.nytimes.com/2024/05/21/opinion/student-protests-israel-gaza.html,2024-05-21T15:41:59+0000,,Opinion,
"Advice to Protesters, and History’s Echoes",https://www.nytimes.com/2024/05/02/opinion/campus-protests-israel-gaza.html,2024-05-02T17:04:02+0000,,Opinion,
"Patti Davis’s Reflections on Joe Biden and Her Dad, Ronald Reagan",https://www.nytimes.com/2025/01/07/opinion/patti-davis-joe-biden-ronald-reagan.html,2025-01-07T16:21:35+0000,,Opinion,
The Indictment of Mayor Eric Adams,https://www.nytimes.com/2024/09/27/opinion/mayor-eric-adams-indictment.html,2024-09-27T17:57:58+0000,,Opinion,
The Republican Alternatives to Trump,https://www.nytimes.com/2023/11/09/opinion/republican-alternatives-trump.html,2023-11-09T17:24:37+0000,,Opinion,
Calls to the Media: Fight Trump’s Lawsuits,https://www.nytimes.com/2024/12/19/opinion/trump-media-lawsuits.html,2024-12-19T16:08:19+0000,,Opinion,
Wearing Masks During the Gaza Protests,https://www.nytimes.com/2024/05/07/opinion/gaza-protests-masks.html,2024-05-07T16:23:28+0000,,Opinion,
Plagiarism Allegations Against Claudine Gay,https://www.nytimes.com/2023/12/27/opinion/letters/plagiarism-claudine-gay.html,2023-12-27T17:36:31+0000,,Opinion,
"The Campus Protests: Voices From Columbia, Barnard and Beyond",https://www.nytimes.com/2024/04/29/opinion/campus-protests-columbia-barnard.html,2024-04-29T16:16:56+0000,,Opinion,
"Who Should Interpret the Rules? Congress, Courts or Agencies?",https://www.nytimes.com/2024/01/31/opinion/chevron-supreme-court-congress-agencies.html,2024-01-31T16:02:46+0000,,Opinion,
